Join_Count,TARGET_FID,JOIN_FID,OBJECTID,dir_name,RouteNum,Status,STATEFP,COUNTYFP,TRACTCE,GEOID,GEOIDFQ,NAME,NAMELSAD,MTFCC,FUNCSTAT,ALAND,AWATER,INTPTLAT,INTPTLON,Field,SquareMile,Shape_Length
1,0,126,1,  inboun,MD355 North BRT,Planning,24,031,700309,24031700309,1400000US24031700309,7003.09,Census Tract 7003.09,G5020,S,2319420.000000000000000,11099.000000000000000,+39.1881087,-077.2703189,0,0.899814759150000,44361.629782399002579
1,0,188,1,  inboun,MD355 North BRT,Planning,24,031,700818,24031700818,1400000US24031700818,7008.18,Census Tract 7008.18,G5020,S,2194564.000000000000000,47308.000000000000000,+39.1798565,-077.2556386,0,0.865589609496000,44361.629782399002579
1,0,191,1,  inboun,MD355 North BRT,Planning,24,031,700835,24031700835,1400000US24031700835,7008.35,Census Tract 7008.35,G5020,S,5635201.000000000000000,47650.000000000000000,+39.1980942,-077.2273849,0,2.194151366170000,44361.629782399002579
1,0,389,1,  inboun,MD355 North BRT,Planning,24,031,700830,24031700830,1400000US24031700830,7008.30,Census Tract 7008.30,G5020,S,1779808.000000000000000,224.000000000000000,+39.1851226,-077.2448532,0,0.687270983017000,44361.629782399002579
1,0,511,1,  inboun,MD355 North BRT,Planning,24,031,700317,24031700317,1400000US24031700317,7003.17,Census Tract 7003.17,G5020,S,46790781.000000000000000,2088578.000000000000000,+39.2378679,-077.3037387,0,18.872350822900000,44361.629782399002579
1,0,512,1,  inboun,MD355 North BRT,Planning,24,031,700209,24031700209,1400000US24031700209,7002.09,Census Tract 7002.09,G5020,S,18832789.000000000000000,47357.000000000000000,+39.2334280,-077.2212810,0,7.289638750640000,44361.629782399002579
1,0,513,1,  inboun,MD355 North BRT,Planning,24,031,700318,24031700318,1400000US24031700318,7003.18,Census Tract 7003.18,G5020,S,11566193.000000000000000,25297.000000000000000,+39.2650337,-077.2631573,0,4.475478651240000,44361.629782399002579
1,0,514,1,  inboun,MD355 North BRT,Planning,24,031,700315,24031700315,1400000US24031700315,7003.15,Census Tract 7003.15,G5020,S,6718717.000000000000000,9348.000000000000000,+39.2433948,-077.2450077,0,2.597710655300000,44361.629782399002579
1,0,515,1,  inboun,MD355 North BRT,Planning,24,031,700316,24031700316,1400000US24031700316,7003.16,Census Tract 7003.16,G5020,S,4538368.000000000000000,11354.000000000000000,+39.2214431,-077.2720944,0,1.756650790400000,44361.629782399002579
1,0,529,1,  inboun,MD355 North BRT,Planning,24,031,700313,24031700313,1400000US24031700313,7003.13,Census Tract 7003.13,G5020,S,2797073.000000000000000,1070.000000000000000,+39.1946701,-077.2570537,0,1.080367005470000,44361.629782399002579
1,0,533,1,  inboun,MD355 North BRT,Planning,24,031,700210,24031700210,1400000US24031700210,7002.10,Census Tract 7002.10,G5020,S,4605304.000000000000000,10139.000000000000000,+39.2240430,-077.2461554,0,1.782026334890000,44361.629782399002579
1,1,126,2,  outbou,MD355 North BRT,Planning,24,031,700309,24031700309,1400000US24031700309,7003.09,Census Tract 7003.09,G5020,S,2319420.000000000000000,11099.000000000000000,+39.1881087,-077.2703189,0,0.899814759150000,48315.231716886060894
1,1,191,2,  outbou,MD355 North BRT,Planning,24,031,700835,24031700835,1400000US24031700835,7008.35,Census Tract 7008.35,G5020,S,5635201.000000000000000,47650.000000000000000,+39.1980942,-077.2273849,0,2.194151366170000,48315.231716886060894
1,1,511,2,  outbou,MD355 North BRT,Planning,24,031,700317,24031700317,1400000US24031700317,7003.17,Census Tract 7003.17,G5020,S,46790781.000000000000000,2088578.000000000000000,+39.2378679,-077.3037387,0,18.872350822900000,48315.231716886060894
1,1,512,2,  outbou,MD355 North BRT,Planning,24,031,700209,24031700209,1400000US24031700209,7002.09,Census Tract 7002.09,G5020,S,18832789.000000000000000,47357.000000000000000,+39.2334280,-077.2212810,0,7.289638750640000,48315.231716886060894
1,1,514,2,  outbou,MD355 North BRT,Planning,24,031,700315,24031700315,1400000US24031700315,7003.15,Census Tract 7003.15,G5020,S,6718717.000000000000000,9348.000000000000000,+39.2433948,-077.2450077,0,2.597710655300000,48315.231716886060894
1,1,515,2,  outbou,MD355 North BRT,Planning,24,031,700316,24031700316,1400000US24031700316,7003.16,Census Tract 7003.16,G5020,S,4538368.000000000000000,11354.000000000000000,+39.2214431,-077.2720944,0,1.756650790400000,48315.231716886060894
1,1,529,2,  outbou,MD355 North BRT,Planning,24,031,700313,24031700313,1400000US24031700313,7003.13,Census Tract 7003.13,G5020,S,2797073.000000000000000,1070.000000000000000,+39.1946701,-077.2570537,0,1.080367005470000,48315.231716886060894
1,1,533,2,  outbou,MD355 North BRT,Planning,24,031,700210,24031700210,1400000US24031700210,7002.10,Census Tract 7002.10,G5020,S,4605304.000000000000000,10139.000000000000000,+39.2240430,-077.2461554,0,1.782026334890000,48315.231716886060894
1,2,85,3,  inboun,Georgia Ave BRT,BRT Network,24,031,701308,24031701308,1400000US24031701308,7013.08,Census Tract 7013.08,G5020,S,13729244.000000000000000,44583.000000000000000,+39.1321116,-077.0607673,0,5.318087436740000,50239.536366848144098
1,2,107,3,  inboun,Georgia Ave BRT,BRT Network,24,031,703201,24031703201,1400000US24031703201,7032.01,Census Tract 7032.01,G5020,S,4257516.000000000000000,21259.000000000000000,+39.0808260,-077.0925280,0,1.652039926600000,50239.536366848144098
1,2,115,3,  inboun,Georgia Ave BRT,BRT Network,24,031,703702,24031703702,1400000US24031703702,7037.02,Census Tract 7037.02,G5020,S,1242456.000000000000000,0.000000000000000,+39.0486516,-077.0563037,0,0.479713342524000,50239.536366848144098
1,2,120,3,  inboun,Georgia Ave BRT,BRT Network,24,031,703214,24031703214,1400000US24031703214,7032.14,Census Tract 7032.14,G5020,S,1800885.000000000000000,117.000000000000000,+39.0850135,-077.0677793,0,0.695369182140000,50239.536366848144098
1,2,156,3,  inboun,Georgia Ave BRT,BRT Network,24,031,703213,24031703213,1400000US24031703213,7032.13,Census Tract 7032.13,G5020,S,588533.000000000000000,889.000000000000000,+39.0891297,-077.0755351,0,0.227575483845000,50239.536366848144098
1,2,165,3,  inboun,Georgia Ave BRT,BRT Network,24,031,703206,24031703206,1400000US24031703206,7032.06,Census Tract 7032.06,G5020,S,2663393.000000000000000,4563.000000000000000,+39.0724469,-077.0546839,0,1.030097826100000,50239.536366848144098
1,2,166,3,  inboun,Georgia Ave BRT,BRT Network,24,031,703207,24031703207,1400000US24031703207,7032.07,Census Tract 7032.07,G5020,S,3991091.000000000000000,28491.000000000000000,+39.0540685,-077.0334936,0,1.551963106120000,50239.536366848144098
1,2,167,3,  inboun,Georgia Ave BRT,BRT Network,24,031,703209,24031703209,1400000US24031703209,7032.09,Census Tract 7032.09,G5020,S,1785014.000000000000000,1821.000000000000000,+39.0389118,-077.0339921,0,0.689896678221000,50239.536366848144098
1,2,169,3,  inboun,Georgia Ave BRT,BRT Network,24,031,703215,24031703215,1400000US24031703215,7032.15,Census Tract 7032.15,G5020,S,1408606.000000000000000,0.000000000000000,+39.0846638,-077.0540058,0,0.543864264439000,50239.536366848144098
1,2,193,3,  inboun,Georgia Ave BRT,BRT Network,24,031,703302,24031703302,1400000US24031703302,7033.02,Census Tract 7033.02,G5020,S,1658961.000000000000000,16924.000000000000000,+39.0736794,-077.0819211,0,0.647061796441000,50239.536366848144098
1,2,195,3,  inboun,Georgia Ave BRT,BRT Network,24,031,703402,24031703402,1400000US24031703402,7034.02,Census Tract 7034.02,G5020,S,1265669.000000000000000,0.000000000000000,+39.0695576,-077.0690635,0,0.488676041013000,50239.536366848144098
1,2,196,3,  inboun,Georgia Ave BRT,BRT Network,24,031,703403,24031703403,1400000US24031703403,7034.03,Census Tract 7034.03,G5020,S,1214585.000000000000000,0.000000000000000,+39.0616540,-077.0623465,0,0.468952174931000,50239.536366848144098
1,2,510,3,  inboun,Georgia Ave BRT,BRT Network,24,031,703222,24031703222,1400000US24031703222,7032.22,Census Tract 7032.22,G5020,S,1609508.000000000000000,18251.000000000000000,+39.0666172,-077.0410781,0,0.628478373511000,50239.536366848144098
1,2,559,3,  inboun,Georgia Ave BRT,BRT Network,24,031,703800,24031703800,1400000US24031703800,7038,Census Tract 7038,G5020,S,1215086.000000000000000,139.000000000000000,+39.0360600,-077.0547130,0,0.469197783959000,50239.536366848144098
1,2,715,3,  inboun,Georgia Ave BRT,BRT Network,24,031,703202,24031703202,1400000US24031703202,7032.02,Census Tract 7032.02,G5020,S,4113609.000000000000000,14702.000000000000000,+39.0951706,-077.0938453,0,1.593944320340000,50239.536366848144098
1,2,800,3,  inboun,Georgia Ave BRT,BRT Network,24,031,703218,24031703218,1400000US24031703218,7032.18,Census Tract 7032.18,G5020,S,611972.000000000000000,4362.000000000000000,+39.1071892,-077.0710240,0,0.237967404052000,50239.536366848144098
1,2,1049,3,  inboun,Georgia Ave BRT,BRT Network,24,031,703216,24031703216,1400000US24031703216,7032.16,Census Tract 7032.16,G5020,S,1342662.000000000000000,568.000000000000000,+39.0978219,-077.0690260,0,0.518621970867000,50239.536366848144098
1,2,1157,3,  inboun,Georgia Ave BRT,BRT Network,24,031,701315,24031701315,1400000US24031701315,7013.15,Census Tract 7013.15,G5020,S,2627298.000000000000000,13587.000000000000000,+39.1585226,-077.0527544,0,1.019647504990000,50239.536366848144098
1,2,1159,3,  inboun,Georgia Ave BRT,BRT Network,24,031,701314,24031701314,1400000US24031701314,7013.14,Census Tract 7013.14,G5020,S,1411535.000000000000000,9735.000000000000000,+39.1471170,-077.0606903,0,0.548753732069000,50239.536366848144098
1,3,85,4,  outbou,Georgia Ave BRT,BRT Network,24,031,701308,24031701308,1400000US24031701308,7013.08,Census Tract 7013.08,G5020,S,13729244.000000000000000,44583.000000000000000,+39.1321116,-077.0607673,0,5.318087436740000,50498.744040540019341
1,3,107,4,  outbou,Georgia Ave BRT,BRT Network,24,031,703201,24031703201,1400000US24031703201,7032.01,Census Tract 7032.01,G5020,S,4257516.000000000000000,21259.000000000000000,+39.0808260,-077.0925280,0,1.652039926600000,50498.744040540019341
1,3,115,4,  outbou,Georgia Ave BRT,BRT Network,24,031,703702,24031703702,1400000US24031703702,7037.02,Census Tract 7037.02,G5020,S,1242456.000000000000000,0.000000000000000,+39.0486516,-077.0563037,0,0.479713342524000,50498.744040540019341
1,3,193,4,  outbou,Georgia Ave BRT,BRT Network,24,031,703302,24031703302,1400000US24031703302,7033.02,Census Tract 7033.02,G5020,S,1658961.000000000000000,16924.000000000000000,+39.0736794,-077.0819211,0,0.647061796441000,50498.744040540019341
1,3,195,4,  outbou,Georgia Ave BRT,BRT Network,24,031,703402,24031703402,1400000US24031703402,7034.02,Census Tract 7034.02,G5020,S,1265669.000000000000000,0.000000000000000,+39.0695576,-077.0690635,0,0.488676041013000,50498.744040540019341
1,3,196,4,  outbou,Georgia Ave BRT,BRT Network,24,031,703403,24031703403,1400000US24031703403,7034.03,Census Tract 7034.03,G5020,S,1214585.000000000000000,0.000000000000000,+39.0616540,-077.0623465,0,0.468952174931000,50498.744040540019341
1,3,559,4,  outbou,Georgia Ave BRT,BRT Network,24,031,703800,24031703800,1400000US24031703800,7038,Census Tract 7038,G5020,S,1215086.000000000000000,139.000000000000000,+39.0360600,-077.0547130,0,0.469197783959000,50498.744040540019341
1,3,715,4,  outbou,Georgia Ave BRT,BRT Network,24,031,703202,24031703202,1400000US24031703202,7032.02,Census Tract 7032.02,G5020,S,4113609.000000000000000,14702.000000000000000,+39.0951706,-077.0938453,0,1.593944320340000,50498.744040540019341
1,3,1157,4,  outbou,Georgia Ave BRT,BRT Network,24,031,701315,24031701315,1400000US24031701315,7013.15,Census Tract 7013.15,G5020,S,2627298.000000000000000,13587.000000000000000,+39.1585226,-077.0527544,0,1.019647504990000,50498.744040540019341
1,3,1159,4,  outbou,Georgia Ave BRT,BRT Network,24,031,701314,24031701314,1400000US24031701314,7013.14,Census Tract 7013.14,G5020,S,1411535.000000000000000,9735.000000000000000,+39.1471170,-077.0606903,0,0.548753732069000,50498.744040540019341
1,3,1440,4,  outbou,Georgia Ave BRT,BRT Network,24,031,701304,24031701304,1400000US24031701304,7013.04,Census Tract 7013.04,G5020,S,7338319.000000000000000,13790.000000000000000,+39.1690240,-077.0758148,0,2.838653224530000,50498.744040540019341
1,3,1441,4,  outbou,Georgia Ave BRT,BRT Network,24,031,701312,24031701312,1400000US24031701312,7013.12,Census Tract 7013.12,G5020,S,4054064.000000000000000,0.000000000000000,+39.1527986,-077.0801289,0,1.565275268100000,50498.744040540019341
1,3,1445,4,  outbou,Georgia Ave BRT,BRT Network,24,031,701313,24031701313,1400000US24031701313,7013.13,Census Tract 7013.13,G5020,S,2637570.000000000000000,1882.000000000000000,+39.1351468,-077.0777344,0,1.019093528960000,50498.744040540019341
1,4,89,5,  Outbou,NH Ave BRT,Planning,24,031,701507,24031701507,1400000US24031701507,7015.07,Census Tract 7015.07,G5020,S,5548532.000000000000000,4167.000000000000000,+39.0833905,-077.0135950,0,2.143901319310000,53719.688037693456863
1,4,155,5,  Outbou,NH Ave BRT,Planning,24,031,701415,24031701415,1400000US24031701415,7014.15,Census Tract 7014.15,G5020,S,7115743.000000000000000,15071.000000000000000,+39.0843083,-076.9894825,0,2.753211281470000,53719.688037693456863
1,4,837,5,  Outbou,NH Ave BRT,Planning,24,031,701509,24031701509,1400000US24031701509,7015.09,Census Tract 7015.09,G5020,S,4085037.000000000000000,0.000000000000000,+39.0331015,-076.9767518,0,1.577236080800000,53719.688037693456863
1,4,940,5,  Outbou,NH Ave BRT,Planning,24,031,701601,24031701601,1400000US24031701601,7016.01,Census Tract 7016.01,G5020,S,301675.000000000000000,0.000000000000000,+39.0147267,-076.9763685,0,0.116477171577000,53719.688037693456863
1,4,1456,5,  Outbou,NH Ave BRT,Planning,24,031,701503,24031701503,1400000US24031701503,7015.03,Census Tract 7015.03,G5020,S,4487400.000000000000000,15457.000000000000000,+39.0601655,-076.9902806,0,1.738555019430000,53719.688037693456863
1,4,1469,5,  Outbou,NH Ave BRT,Planning,24,031,701703,24031701703,1400000US24031701703,7017.03,Census Tract 7017.03,G5020,S,1102887.000000000000000,0.000000000000000,+38.9844888,-076.9911737,0,0.425825049934000,53719.688037693456863
1,4,1470,5,  Outbou,NH Ave BRT,Planning,24,031,701704,24031701704,1400000US24031701704,7017.04,Census Tract 7017.04,G5020,S,1287357.000000000000000,7973.000000000000000,+38.9758298,-076.9981538,0,0.500129265615000,53719.688037693456863
1,5,108,6,  Inboun,NH Ave BRT,Planning,24,031,701506,24031701506,1400000US24031701506,7015.06,Census Tract 7015.06,G5020,S,6061219.000000000000000,5209.000000000000000,+39.0548604,-077.0050149,0,2.342249787300000,51159.517821722452936
1,5,155,6,  Inboun,NH Ave BRT,Planning,24,031,701415,24031701415,1400000US24031701415,7014.15,Census Tract 7014.15,G5020,S,7115743.000000000000000,15071.000000000000000,+39.0843083,-076.9894825,0,2.753211281470000,51159.517821722452936
1,5,837,6,  Inboun,NH Ave BRT,Planning,24,031,701509,24031701509,1400000US24031701509,7015.09,Census Tract 7015.09,G5020,S,4085037.000000000000000,0.000000000000000,+39.0331015,-076.9767518,0,1.577236080800000,51159.517821722452936
1,5,940,6,  Inboun,NH Ave BRT,Planning,24,031,701601,24031701601,1400000US24031701601,7016.01,Census Tract 7016.01,G5020,S,301675.000000000000000,0.000000000000000,+39.0147267,-076.9763685,0,0.116477171577000,51159.517821722452936
1,5,1456,6,  Inboun,NH Ave BRT,Planning,24,031,701503,24031701503,1400000US24031701503,7015.03,Census Tract 7015.03,G5020,S,4487400.000000000000000,15457.000000000000000,+39.0601655,-076.9902806,0,1.738555019430000,51159.517821722452936
1,5,1457,6,  Inboun,NH Ave BRT,Planning,24,031,701505,24031701505,1400000US24031701505,7015.05,Census Tract 7015.05,G5020,S,3340981.000000000000000,1699.000000000000000,+39.0300467,-076.9933235,0,1.290612301640000,51159.517821722452936
1,5,1469,6,  Inboun,NH Ave BRT,Planning,24,031,701703,24031701703,1400000US24031701703,7017.03,Census Tract 7017.03,G5020,S,1102887.000000000000000,0.000000000000000,+38.9844888,-076.9911737,0,0.425825049934000,51159.517821722452936
1,5,1470,6,  Inboun,NH Ave BRT,Planning,24,031,701704,24031701704,1400000US24031701704,7017.04,Census Tract 7017.04,G5020,S,1287357.000000000000000,7973.000000000000000,+38.9758298,-076.9981538,0,0.500129265615000,51159.517821722452936
1,6,108,7,  inboun,US29 BRT,In Service,24,031,701506,24031701506,1400000US24031701506,7015.06,Census Tract 7015.06,G5020,S,6061219.000000000000000,5209.000000000000000,+39.0548604,-077.0050149,0,2.342249787300000,55277.632406364653434
1,6,109,7,  inboun,US29 BRT,In Service,24,031,701414,24031701414,1400000US24031701414,7014.14,Census Tract 7014.14,G5020,S,5750561.000000000000000,19555.000000000000000,+39.0726448,-076.9660918,0,2.227847219390000,55277.632406364653434
1,6,139,7,  inboun,US29 BRT,In Service,24,031,702200,24031702200,1400000US24031702200,7022,Census Tract 7022,G5020,S,1653437.000000000000000,0.000000000000000,+39.0093138,-077.0065074,0,0.638393024128000,55277.632406364653434
1,6,141,7,  inboun,US29 BRT,In Service,24,031,702302,24031702302,1400000US24031702302,7023.02,Census Tract 7023.02,G5020,S,1546299.000000000000000,3511.000000000000000,+39.0094941,-077.0189819,0,0.598382975146000,55277.632406364653434
1,6,160,7,  inboun,US29 BRT,In Service,24,031,702900,24031702900,1400000US24031702900,7029,Census Tract 7029,G5020,S,2565054.000000000000000,0.000000000000000,+39.0056401,-077.0277748,0,0.990371702527000,55277.632406364653434
1,6,161,7,  inboun,US29 BRT,In Service,24,031,703000,24031703000,1400000US24031703000,7030,Census Tract 7030,G5020,S,1087773.000000000000000,0.000000000000000,+39.0183846,-077.0213915,0,0.419991078178000,55277.632406364653434
1,6,164,7,  inboun,US29 BRT,In Service,24,031,703100,24031703100,1400000US24031703100,7031,Census Tract 7031,G5020,S,1811567.000000000000000,0.000000000000000,+39.0264084,-077.0220358,0,0.699446462060000,55277.632406364653434
1,6,168,7,  inboun,US29 BRT,In Service,24,031,703210,24031703210,1400000US24031703210,7032.10,Census Tract 7032.10,G5020,S,1539553.000000000000000,17284.000000000000000,+39.0325523,-077.0141838,0,0.601091687607000,55277.632406364653434
1,6,501,7,  inboun,US29 BRT,In Service,24,031,702501,24031702501,1400000US24031702501,7025.01,Census Tract 7025.01,G5020,S,333228.000000000000000,0.000000000000000,+38.9908535,-077.0286300,0,0.128659467514000,55277.632406364653434
1,6,516,7,  inboun,US29 BRT,In Service,24,031,702503,24031702503,1400000US24031702503,7025.03,Census Tract 7025.03,G5020,S,408458.000000000000000,0.000000000000000,+38.9971020,-077.0281693,0,0.157705967941000,55277.632406364653434
1,6,801,7,  inboun,US29 BRT,In Service,24,031,701508,24031701508,1400000US24031701508,7015.08,Census Tract 7015.08,G5020,S,915142.000000000000000,389.000000000000000,+39.0453954,-076.9770714,0,0.353486892387000,55277.632406364653434
1,6,802,7,  inboun,US29 BRT,In Service,24,031,701423,24031701423,1400000US24031701423,7014.23,Census Tract 7014.23,G5020,S,1044573.000000000000000,21240.000000000000000,+39.0864582,-076.9382912,0,0.411510645549000,55277.632406364653434
1,6,820,7,  inboun,US29 BRT,In Service,24,031,701422,24031701422,1400000US24031701422,7014.22,Census Tract 7014.22,G5020,S,323524.000000000000000,0.000000000000000,+39.0829685,-076.9437971,0,0.124912360252000,55277.632406364653434
1,6,837,7,  inboun,US29 BRT,In Service,24,031,701509,24031701509,1400000US24031701509,7015.09,Census Tract 7015.09,G5020,S,4085037.000000000000000,0.000000000000000,+39.0331015,-076.9767518,0,1.577236080800000,55277.632406364653434
1,6,1446,7,  inboun,US29 BRT,In Service,24,031,701409,24031701409,1400000US24031701409,7014.09,Census Tract 7014.09,G5020,S,6668709.000000000000000,8219.000000000000000,+39.1003467,-076.9522476,0,2.577966856200000,55277.632406364653434
1,6,1455,7,  inboun,US29 BRT,In Service,24,031,701417,24031701417,1400000US24031701417,7014.17,Census Tract 7014.17,G5020,S,2149857.000000000000000,501.000000000000000,+39.0769598,-076.9381795,0,0.830253064357000,55277.632406364653434
1,6,1456,7,  inboun,US29 BRT,In Service,24,031,701503,24031701503,1400000US24031701503,7015.03,Census Tract 7015.03,G5020,S,4487400.000000000000000,15457.000000000000000,+39.0601655,-076.9902806,0,1.738555019430000,55277.632406364653434
1,6,1457,7,  inboun,US29 BRT,In Service,24,031,701505,24031701505,1400000US24031701505,7015.05,Census Tract 7015.05,G5020,S,3340981.000000000000000,1699.000000000000000,+39.0300467,-076.9933235,0,1.290612301640000,55277.632406364653434
1,7,108,8,  outbou,US29 BRT,In Service,24,031,701506,24031701506,1400000US24031701506,7015.06,Census Tract 7015.06,G5020,S,6061219.000000000000000,5209.000000000000000,+39.0548604,-077.0050149,0,2.342249787300000,53815.324748627703229
1,7,109,8,  outbou,US29 BRT,In Service,24,031,701414,24031701414,1400000US24031701414,7014.14,Census Tract 7014.14,G5020,S,5750561.000000000000000,19555.000000000000000,+39.0726448,-076.9660918,0,2.227847219390000,53815.324748627703229
1,7,139,8,  outbou,US29 BRT,In Service,24,031,702200,24031702200,1400000US24031702200,7022,Census Tract 7022,G5020,S,1653437.000000000000000,0.000000000000000,+39.0093138,-077.0065074,0,0.638393024128000,53815.324748627703229
1,7,141,8,  outbou,US29 BRT,In Service,24,031,702302,24031702302,1400000US24031702302,7023.02,Census Tract 7023.02,G5020,S,1546299.000000000000000,3511.000000000000000,+39.0094941,-077.0189819,0,0.598382975146000,53815.324748627703229
1,7,160,8,  outbou,US29 BRT,In Service,24,031,702900,24031702900,1400000US24031702900,7029,Census Tract 7029,G5020,S,2565054.000000000000000,0.000000000000000,+39.0056401,-077.0277748,0,0.990371702527000,53815.324748627703229
1,7,161,8,  outbou,US29 BRT,In Service,24,031,703000,24031703000,1400000US24031703000,7030,Census Tract 7030,G5020,S,1087773.000000000000000,0.000000000000000,+39.0183846,-077.0213915,0,0.419991078178000,53815.324748627703229
1,7,164,8,  outbou,US29 BRT,In Service,24,031,703100,24031703100,1400000US24031703100,7031,Census Tract 7031,G5020,S,1811567.000000000000000,0.000000000000000,+39.0264084,-077.0220358,0,0.699446462060000,53815.324748627703229
1,7,168,8,  outbou,US29 BRT,In Service,24,031,703210,24031703210,1400000US24031703210,7032.10,Census Tract 7032.10,G5020,S,1539553.000000000000000,17284.000000000000000,+39.0325523,-077.0141838,0,0.601091687607000,53815.324748627703229
1,7,501,8,  outbou,US29 BRT,In Service,24,031,702501,24031702501,1400000US24031702501,7025.01,Census Tract 7025.01,G5020,S,333228.000000000000000,0.000000000000000,+38.9908535,-077.0286300,0,0.128659467514000,53815.324748627703229
1,7,516,8,  outbou,US29 BRT,In Service,24,031,702503,24031702503,1400000US24031702503,7025.03,Census Tract 7025.03,G5020,S,408458.000000000000000,0.000000000000000,+38.9971020,-077.0281693,0,0.157705967941000,53815.324748627703229
1,7,520,8,  outbou,US29 BRT,In Service,24,031,701424,24031701424,1400000US24031701424,7014.24,Census Tract 7014.24,G5020,S,2204125.000000000000000,2661.000000000000000,+39.0651575,-076.9538478,0,0.852041523690000,53815.324748627703229
1,7,527,8,  outbou,US29 BRT,In Service,24,031,702502,24031702502,1400000US24031702502,7025.02,Census Tract 7025.02,G5020,S,383501.000000000000000,0.000000000000000,+38.9879974,-077.0247984,0,0.148070824573000,53815.324748627703229
1,7,801,8,  outbou,US29 BRT,In Service,24,031,701508,24031701508,1400000US24031701508,7015.08,Census Tract 7015.08,G5020,S,915142.000000000000000,389.000000000000000,+39.0453954,-076.9770714,0,0.353486892387000,53815.324748627703229
1,7,802,8,  outbou,US29 BRT,In Service,24,031,701423,24031701423,1400000US24031701423,7014.23,Census Tract 7014.23,G5020,S,1044573.000000000000000,21240.000000000000000,+39.0864582,-076.9382912,0,0.411510645549000,53815.324748627703229
1,7,818,8,  outbou,US29 BRT,In Service,24,031,701418,24031701418,1400000US24031701418,7014.18,Census Tract 7014.18,G5020,S,1204590.000000000000000,0.000000000000000,+39.0709656,-076.9467203,0,0.465092502763000,53815.324748627703229
1,7,820,8,  outbou,US29 BRT,In Service,24,031,701422,24031701422,1400000US24031701422,7014.22,Census Tract 7014.22,G5020,S,323524.000000000000000,0.000000000000000,+39.0829685,-076.9437971,0,0.124912360252000,53815.324748627703229
1,7,837,8,  outbou,US29 BRT,In Service,24,031,701509,24031701509,1400000US24031701509,7015.09,Census Tract 7015.09,G5020,S,4085037.000000000000000,0.000000000000000,+39.0331015,-076.9767518,0,1.577236080800000,53815.324748627703229
1,7,1455,8,  outbou,US29 BRT,In Service,24,031,701417,24031701417,1400000US24031701417,7014.17,Census Tract 7014.17,G5020,S,2149857.000000000000000,501.000000000000000,+39.0769598,-076.9381795,0,0.830253064357000,53815.324748627703229
1,7,1456,8,  outbou,US29 BRT,In Service,24,031,701503,24031701503,1400000US24031701503,7015.03,Census Tract 7015.03,G5020,S,4487400.000000000000000,15457.000000000000000,+39.0601655,-076.9902806,0,1.738555019430000,53815.324748627703229
1,7,1457,8,  outbou,US29 BRT,In Service,24,031,701505,24031701505,1400000US24031701505,7015.05,Census Tract 7015.05,G5020,S,3340981.000000000000000,1699.000000000000000,+39.0300467,-076.9933235,0,1.290612301640000,53815.324748627703229
1,8,189,9,  inboun,MD355 South BRT,Planning,24,031,700901,24031700901,1400000US24031700901,7009.01,Census Tract 7009.01,G5020,S,1695987.000000000000000,0.000000000000000,+39.0865869,-077.1522375,0,0.654820216764000,47683.060017872514436
1,8,213,9,  inboun,MD355 South BRT,Planning,24,031,700904,24031700904,1400000US24031700904,7009.04,Census Tract 7009.04,G5020,S,1132114.000000000000000,1173.000000000000000,+39.0656133,-077.1290436,0,0.437553300493000,47683.060017872514436
1,8,216,9,  inboun,MD355 South BRT,Planning,24,031,701004,24031701004,1400000US24031701004,7010.04,Census Tract 7010.04,G5020,S,3069810.000000000000000,6703.000000000000000,+39.0986188,-077.1659654,0,1.187844910220000,47683.060017872514436
1,8,804,9,  inboun,MD355 South BRT,Planning,24,031,704806,24031704806,1400000US24031704806,7048.06,Census Tract 7048.06,G5020,S,407573.000000000000000,0.000000000000000,+38.9906261,-077.0980578,0,0.157364495465000,47683.060017872514436
1,8,819,9,  inboun,MD355 South BRT,Planning,24,031,704805,24031704805,1400000US24031704805,7048.05,Census Tract 7048.05,G5020,S,309190.000000000000000,0.000000000000000,+38.9865015,-077.0933803,0,0.119379142503000,47683.060017872514436
1,8,869,9,  inboun,MD355 South BRT,Planning,24,031,701218,24031701218,1400000US24031701218,7012.18,Census Tract 7012.18,G5020,S,725923.000000000000000,0.000000000000000,+39.0556800,-077.1197203,0,0.280277371169000,47683.060017872514436
1,8,941,9,  inboun,MD355 South BRT,Planning,24,031,704804,24031704804,1400000US24031704804,7048.04,Census Tract 7048.04,G5020,S,344517.000000000000000,0.000000000000000,+38.9834063,-077.0935260,0,0.133016787027000,47683.060017872514436
1,8,943,9,  inboun,MD355 South BRT,Planning,24,031,704403,24031704403,1400000US24031704403,7044.03,Census Tract 7044.03,G5020,S,250465.000000000000000,0.000000000000000,+39.0165836,-077.1050193,0,0.096704265804300,47683.060017872514436
1,8,1047,9,  inboun,MD355 South BRT,Planning,24,031,704404,24031704404,1400000US24031704404,7044.04,Census Tract 7044.04,G5020,S,2658633.000000000000000,1576.000000000000000,+39.0120658,-077.0997918,0,1.027110700150000,47683.060017872514436
1,8,1171,9,  inboun,MD355 South BRT,Planning,24,031,701216,24031701216,1400000US24031701216,7012.16,Census Tract 7012.16,G5020,S,1358375.000000000000000,505.000000000000000,+39.0478603,-077.1158425,0,0.524662571420000,47683.060017872514436
1,8,1429,9,  inboun,MD355 South BRT,Planning,24,031,701202,24031701202,1400000US24031701202,7012.02,Census Tract 7012.02,G5020,S,1789482.000000000000000,0.000000000000000,+39.0386325,-077.1001237,0,0.690919108727000,47683.060017872514436
1,8,1434,9,  inboun,MD355 South BRT,Planning,24,031,704401,24031704401,1400000US24031704401,7044.01,Census Tract 7044.01,G5020,S,2263541.000000000000000,1986.000000000000000,+39.0218818,-077.1147298,0,0.874721355420000,47683.060017872514436
1,8,1438,9,  inboun,MD355 South BRT,Planning,24,031,701214,24031701214,1400000US24031701214,7012.14,Census Tract 7012.14,G5020,S,1256936.000000000000000,0.000000000000000,+39.0295353,-077.0984854,0,0.485304055922000,47683.060017872514436
1,8,1448,9,  inboun,MD355 South BRT,Planning,24,031,705000,24031705000,1400000US24031705000,7050,Census Tract 7050,G5020,S,4558192.000000000000000,11079.000000000000000,+38.9984654,-077.0906078,0,1.764199073140000,47683.060017872514436
1,9,189,10,  outbou,MD355 South BRT,Planning,24,031,700901,24031700901,1400000US24031700901,7009.01,Census Tract 7009.01,G5020,S,1695987.000000000000000,0.000000000000000,+39.0865869,-077.1522375,0,0.654820216764000,48210.589779402347631
1,9,213,10,  outbou,MD355 South BRT,Planning,24,031,700904,24031700904,1400000US24031700904,7009.04,Census Tract 7009.04,G5020,S,1132114.000000000000000,1173.000000000000000,+39.0656133,-077.1290436,0,0.437553300493000,48210.589779402347631
1,9,214,10,  outbou,MD355 South BRT,Planning,24,031,701001,24031701001,1400000US24031701001,7010.01,Census Tract 7010.01,G5020,S,5101347.000000000000000,19891.000000000000000,+39.0639532,-077.1398562,0,1.977313995310000,48210.589779402347631
1,9,216,10,  outbou,MD355 South BRT,Planning,24,031,701004,24031701004,1400000US24031701004,7010.04,Census Tract 7010.04,G5020,S,3069810.000000000000000,6703.000000000000000,+39.0986188,-077.1659654,0,1.187844910220000,48210.589779402347631
1,9,509,10,  outbou,MD355 South BRT,Planning,24,031,701223,24031701223,1400000US24031701223,7012.23,Census Tract 7012.23,G5020,S,715731.000000000000000,10789.000000000000000,+39.0325195,-077.1111259,0,0.280509698377000,48210.589779402347631
1,9,804,10,  outbou,MD355 South BRT,Planning,24,031,704806,24031704806,1400000US24031704806,7048.06,Census Tract 7048.06,G5020,S,407573.000000000000000,0.000000000000000,+38.9906261,-077.0980578,0,0.157364495465000,48210.589779402347631
1,9,819,10,  outbou,MD355 South BRT,Planning,24,031,704805,24031704805,1400000US24031704805,7048.05,Census Tract 7048.05,G5020,S,309190.000000000000000,0.000000000000000,+38.9865015,-077.0933803,0,0.119379142503000,48210.589779402347631
1,9,869,10,  outbou,MD355 South BRT,Planning,24,031,701218,24031701218,1400000US24031701218,7012.18,Census Tract 7012.18,G5020,S,725923.000000000000000,0.000000000000000,+39.0556800,-077.1197203,0,0.280277371169000,48210.589779402347631
1,9,941,10,  outbou,MD355 South BRT,Planning,24,031,704804,24031704804,1400000US24031704804,7048.04,Census Tract 7048.04,G5020,S,344517.000000000000000,0.000000000000000,+38.9834063,-077.0935260,0,0.133016787027000,48210.589779402347631
1,9,943,10,  outbou,MD355 South BRT,Planning,24,031,704403,24031704403,1400000US24031704403,7044.03,Census Tract 7044.03,G5020,S,250465.000000000000000,0.000000000000000,+39.0165836,-077.1050193,0,0.096704265804300,48210.589779402347631
1,9,1047,10,  outbou,MD355 South BRT,Planning,24,031,704404,24031704404,1400000US24031704404,7044.04,Census Tract 7044.04,G5020,S,2658633.000000000000000,1576.000000000000000,+39.0120658,-077.0997918,0,1.027110700150000,48210.589779402347631
1,9,1171,10,  outbou,MD355 South BRT,Planning,24,031,701216,24031701216,1400000US24031701216,7012.16,Census Tract 7012.16,G5020,S,1358375.000000000000000,505.000000000000000,+39.0478603,-077.1158425,0,0.524662571420000,48210.589779402347631
1,9,1429,10,  outbou,MD355 South BRT,Planning,24,031,701202,24031701202,1400000US24031701202,7012.02,Census Tract 7012.02,G5020,S,1789482.000000000000000,0.000000000000000,+39.0386325,-077.1001237,0,0.690919108727000,48210.589779402347631
1,9,1434,10,  outbou,MD355 South BRT,Planning,24,031,704401,24031704401,1400000US24031704401,7044.01,Census Tract 7044.01,G5020,S,2263541.000000000000000,1986.000000000000000,+39.0218818,-077.1147298,0,0.874721355420000,48210.589779402347631
1,9,1438,10,  outbou,MD355 South BRT,Planning,24,031,701214,24031701214,1400000US24031701214,7012.14,Census Tract 7012.14,G5020,S,1256936.000000000000000,0.000000000000000,+39.0295353,-077.0984854,0,0.485304055922000,48210.589779402347631
1,9,1448,10,  outbou,MD355 South BRT,Planning,24,031,705000,24031705000,1400000US24031705000,7050,Census Tract 7050,G5020,S,4558192.000000000000000,11079.000000000000000,+38.9984654,-077.0906078,0,1.764199073140000,48210.589779402347631
1,10,108,11,  inboun,US29 BRT,In Service,24,031,701506,24031701506,1400000US24031701506,7015.06,Census Tract 7015.06,G5020,S,6061219.000000000000000,5209.000000000000000,+39.0548604,-077.0050149,0,2.342249787300000,56018.162366086478869
1,10,109,11,  inboun,US29 BRT,In Service,24,031,701414,24031701414,1400000US24031701414,7014.14,Census Tract 7014.14,G5020,S,5750561.000000000000000,19555.000000000000000,+39.0726448,-076.9660918,0,2.227847219390000,56018.162366086478869
1,10,141,11,  inboun,US29 BRT,In Service,24,031,702302,24031702302,1400000US24031702302,7023.02,Census Tract 7023.02,G5020,S,1546299.000000000000000,3511.000000000000000,+39.0094941,-077.0189819,0,0.598382975146000,56018.162366086478869
1,10,160,11,  inboun,US29 BRT,In Service,24,031,702900,24031702900,1400000US24031702900,7029,Census Tract 7029,G5020,S,2565054.000000000000000,0.000000000000000,+39.0056401,-077.0277748,0,0.990371702527000,56018.162366086478869
1,10,161,11,  inboun,US29 BRT,In Service,24,031,703000,24031703000,1400000US24031703000,7030,Census Tract 7030,G5020,S,1087773.000000000000000,0.000000000000000,+39.0183846,-077.0213915,0,0.419991078178000,56018.162366086478869
1,10,164,11,  inboun,US29 BRT,In Service,24,031,703100,24031703100,1400000US24031703100,7031,Census Tract 7031,G5020,S,1811567.000000000000000,0.000000000000000,+39.0264084,-077.0220358,0,0.699446462060000,56018.162366086478869
1,10,168,11,  inboun,US29 BRT,In Service,24,031,703210,24031703210,1400000US24031703210,7032.10,Census Tract 7032.10,G5020,S,1539553.000000000000000,17284.000000000000000,+39.0325523,-077.0141838,0,0.601091687607000,56018.162366086478869
1,10,501,11,  inboun,US29 BRT,In Service,24,031,702501,24031702501,1400000US24031702501,7025.01,Census Tract 7025.01,G5020,S,333228.000000000000000,0.000000000000000,+38.9908535,-077.0286300,0,0.128659467514000,56018.162366086478869
1,10,516,11,  inboun,US29 BRT,In Service,24,031,702503,24031702503,1400000US24031702503,7025.03,Census Tract 7025.03,G5020,S,408458.000000000000000,0.000000000000000,+38.9971020,-077.0281693,0,0.157705967941000,56018.162366086478869
1,10,531,11,  inboun,US29 BRT,In Service,24,031,701426,24031701426,1400000US24031701426,7014.26,Census Tract 7014.26,G5020,S,4733807.000000000000000,169513.000000000000000,+39.1131808,-076.9207785,0,1.893172583790000,56018.162366086478869
1,10,1446,11,  inboun,US29 BRT,In Service,24,031,701409,24031701409,1400000US24031701409,7014.09,Census Tract 7014.09,G5020,S,6668709.000000000000000,8219.000000000000000,+39.1003467,-076.9522476,0,2.577966856200000,56018.162366086478869
1,10,1456,11,  inboun,US29 BRT,In Service,24,031,701503,24031701503,1400000US24031701503,7015.03,Census Tract 7015.03,G5020,S,4487400.000000000000000,15457.000000000000000,+39.0601655,-076.9902806,0,1.738555019430000,56018.162366086478869
1,11,84,12,  outbou,US29 BRT,In Service,24,031,701408,24031701408,1400000US24031701408,7014.08,Census Tract 7014.08,G5020,S,25437585.000000000000000,825663.000000000000000,+39.1262319,-076.9696305,0,10.140255880600000,58337.778684635763057
1,11,90,12,  outbou,US29 BRT,In Service,24,031,702102,24031702102,1400000US24031702102,7021.02,Census Tract 7021.02,G5020,S,1630456.000000000000000,26309.000000000000000,+39.0219894,-077.0047129,0,0.639678276664000,58337.778684635763057
1,11,108,12,  outbou,US29 BRT,In Service,24,031,701506,24031701506,1400000US24031701506,7015.06,Census Tract 7015.06,G5020,S,6061219.000000000000000,5209.000000000000000,+39.0548604,-077.0050149,0,2.342249787300000,58337.778684635763057
1,11,109,12,  outbou,US29 BRT,In Service,24,031,701414,24031701414,1400000US24031701414,7014.14,Census Tract 7014.14,G5020,S,5750561.000000000000000,19555.000000000000000,+39.0726448,-076.9660918,0,2.227847219390000,58337.778684635763057
1,11,139,12,  outbou,US29 BRT,In Service,24,031,702200,24031702200,1400000US24031702200,7022,Census Tract 7022,G5020,S,1653437.000000000000000,0.000000000000000,+39.0093138,-077.0065074,0,0.638393024128000,58337.778684635763057
1,11,141,12,  outbou,US29 BRT,In Service,24,031,702302,24031702302,1400000US24031702302,7023.02,Census Tract 7023.02,G5020,S,1546299.000000000000000,3511.000000000000000,+39.0094941,-077.0189819,0,0.598382975146000,58337.778684635763057
1,11,160,12,  outbou,US29 BRT,In Service,24,031,702900,24031702900,1400000US24031702900,7029,Census Tract 7029,G5020,S,2565054.000000000000000,0.000000000000000,+39.0056401,-077.0277748,0,0.990371702527000,58337.778684635763057
1,11,161,12,  outbou,US29 BRT,In Service,24,031,703000,24031703000,1400000US24031703000,7030,Census Tract 7030,G5020,S,1087773.000000000000000,0.000000000000000,+39.0183846,-077.0213915,0,0.419991078178000,58337.778684635763057
1,11,168,12,  outbou,US29 BRT,In Service,24,031,703210,24031703210,1400000US24031703210,7032.10,Census Tract 7032.10,G5020,S,1539553.000000000000000,17284.000000000000000,+39.0325523,-077.0141838,0,0.601091687607000,58337.778684635763057
1,11,501,12,  outbou,US29 BRT,In Service,24,031,702501,24031702501,1400000US24031702501,7025.01,Census Tract 7025.01,G5020,S,333228.000000000000000,0.000000000000000,+38.9908535,-077.0286300,0,0.128659467514000,58337.778684635763057
1,11,516,12,  outbou,US29 BRT,In Service,24,031,702503,24031702503,1400000US24031702503,7025.03,Census Tract 7025.03,G5020,S,408458.000000000000000,0.000000000000000,+38.9971020,-077.0281693,0,0.157705967941000,58337.778684635763057
1,11,518,12,  outbou,US29 BRT,In Service,24,031,701425,24031701425,1400000US24031701425,7014.25,Census Tract 7014.25,G5020,S,4808507.000000000000000,33251.000000000000000,+39.0504895,-076.9597374,0,1.869405376740000,58337.778684635763057
1,11,520,12,  outbou,US29 BRT,In Service,24,031,701424,24031701424,1400000US24031701424,7014.24,Census Tract 7014.24,G5020,S,2204125.000000000000000,2661.000000000000000,+39.0651575,-076.9538478,0,0.852041523690000,58337.778684635763057
1,11,527,12,  outbou,US29 BRT,In Service,24,031,702502,24031702502,1400000US24031702502,7025.02,Census Tract 7025.02,G5020,S,383501.000000000000000,0.000000000000000,+38.9879974,-077.0247984,0,0.148070824573000,58337.778684635763057
1,11,531,12,  outbou,US29 BRT,In Service,24,031,701426,24031701426,1400000US24031701426,7014.26,Census Tract 7014.26,G5020,S,4733807.000000000000000,169513.000000000000000,+39.1131808,-076.9207785,0,1.893172583790000,58337.778684635763057
1,11,801,12,  outbou,US29 BRT,In Service,24,031,701508,24031701508,1400000US24031701508,7015.08,Census Tract 7015.08,G5020,S,915142.000000000000000,389.000000000000000,+39.0453954,-076.9770714,0,0.353486892387000,58337.778684635763057
1,11,802,12,  outbou,US29 BRT,In Service,24,031,701423,24031701423,1400000US24031701423,7014.23,Census Tract 7014.23,G5020,S,1044573.000000000000000,21240.000000000000000,+39.0864582,-076.9382912,0,0.411510645549000,58337.778684635763057
1,11,818,12,  outbou,US29 BRT,In Service,24,031,701418,24031701418,1400000US24031701418,7014.18,Census Tract 7014.18,G5020,S,1204590.000000000000000,0.000000000000000,+39.0709656,-076.9467203,0,0.465092502763000,58337.778684635763057
1,11,820,12,  outbou,US29 BRT,In Service,24,031,701422,24031701422,1400000US24031701422,7014.22,Census Tract 7014.22,G5020,S,323524.000000000000000,0.000000000000000,+39.0829685,-076.9437971,0,0.124912360252000,58337.778684635763057
1,11,837,12,  outbou,US29 BRT,In Service,24,031,701509,24031701509,1400000US24031701509,7015.09,Census Tract 7015.09,G5020,S,4085037.000000000000000,0.000000000000000,+39.0331015,-076.9767518,0,1.577236080800000,58337.778684635763057
1,11,1446,12,  outbou,US29 BRT,In Service,24,031,701409,24031701409,1400000US24031701409,7014.09,Census Tract 7014.09,G5020,S,6668709.000000000000000,8219.000000000000000,+39.1003467,-076.9522476,0,2.577966856200000,58337.778684635763057
1,11,1455,12,  outbou,US29 BRT,In Service,24,031,701417,24031701417,1400000US24031701417,7014.17,Census Tract 7014.17,G5020,S,2149857.000000000000000,501.000000000000000,+39.0769598,-076.9381795,0,0.830253064357000,58337.778684635763057
1,11,1456,12,  outbou,US29 BRT,In Service,24,031,701503,24031701503,1400000US24031701503,7015.03,Census Tract 7015.03,G5020,S,4487400.000000000000000,15457.000000000000000,+39.0601655,-076.9902806,0,1.738555019430000,58337.778684635763057
1,11,1457,12,  outbou,US29 BRT,In Service,24,031,701505,24031701505,1400000US24031701505,7015.05,Census Tract 7015.05,G5020,S,3340981.000000000000000,1699.000000000000000,+39.0300467,-076.9933235,0,1.290612301640000,58337.778684635763057
1,12,87,13,  inboun,MD355 Central BRT,Design,24,031,700902,24031700902,1400000US24031700902,7009.02,Census Tract 7009.02,G5020,S,1718904.000000000000000,0.000000000000000,+39.0896147,-077.1442283,0,0.663670445899000,69104.839014443670749
1,12,100,13,  inboun,MD355 Central BRT,Design,24,031,701211,24031701211,1400000US24031701211,7012.11,Census Tract 7012.11,G5020,S,6559358.000000000000000,11424.000000000000000,+39.1090766,-077.1540952,0,2.536984462020000,69104.839014443670749
1,12,126,13,  inboun,MD355 Central BRT,Design,24,031,700309,24031700309,1400000US24031700309,7003.09,Census Tract 7003.09,G5020,S,2319420.000000000000000,11099.000000000000000,+39.1881087,-077.2703189,0,0.899814759150000,69104.839014443670749
1,12,152,13,  inboun,MD355 Central BRT,Design,24,031,700713,24031700713,1400000US24031700713,7007.13,Census Tract 7007.13,G5020,S,1393024.000000000000000,133390.000000000000000,+39.1570998,-077.2011707,0,0.589348438273000,69104.839014443670749
1,12,189,13,  inboun,MD355 Central BRT,Design,24,031,700901,24031700901,1400000US24031700901,7009.01,Census Tract 7009.01,G5020,S,1695987.000000000000000,0.000000000000000,+39.0865869,-077.1522375,0,0.654820216764000,69104.839014443670749
1,12,216,13,  inboun,MD355 Central BRT,Design,24,031,701004,24031701004,1400000US24031701004,7010.04,Census Tract 7010.04,G5020,S,3069810.000000000000000,6703.000000000000000,+39.0986188,-077.1659654,0,1.187844910220000,69104.839014443670749
1,12,389,13,  inboun,MD355 Central BRT,Design,24,031,700830,24031700830,1400000US24031700830,7008.30,Census Tract 7008.30,G5020,S,1779808.000000000000000,224.000000000000000,+39.1851226,-077.2448532,0,0.687270983017000,69104.839014443670749
1,12,391,13,  inboun,MD355 Central BRT,Design,24,031,700833,24031700833,1400000US24031700833,7008.33,Census Tract 7008.33,G5020,S,2346899.000000000000000,16514.000000000000000,+39.1800898,-077.2275649,0,0.912514625420000,69104.839014443670749
1,12,505,13,  inboun,MD355 Central BRT,Design,24,031,700732,24031700732,1400000US24031700732,7007.32,Census Tract 7007.32,G5020,S,1536132.000000000000000,4180.000000000000000,+39.1252880,-077.1930288,0,0.594714993539000,69104.839014443670749
1,12,507,13,  inboun,MD355 Central BRT,Design,24,031,700733,24031700733,1400000US24031700733,7007.33,Census Tract 7007.33,G5020,S,2630254.000000000000000,26251.000000000000000,+39.1602123,-077.2187548,0,1.025676292700000,69104.839014443670749
1,12,517,13,  inboun,MD355 Central BRT,Design,24,031,700728,24031700728,1400000US24031700728,7007.28,Census Tract 7007.28,G5020,S,2134659.000000000000000,0.000000000000000,+39.1271568,-077.1761624,0,0.824191816834000,69104.839014443670749
1,12,525,13,  inboun,MD355 Central BRT,Design,24,031,700731,24031700731,1400000US24031700731,7007.31,Census Tract 7007.31,G5020,S,1325817.000000000000000,7868.000000000000000,+39.1334282,-077.1966015,0,0.514936109301000,69104.839014443670749
1,12,529,13,  inboun,MD355 Central BRT,Design,24,031,700313,24031700313,1400000US24031700313,7003.13,Census Tract 7003.13,G5020,S,2797073.000000000000000,1070.000000000000000,+39.1946701,-077.2570537,0,1.080367005470000,69104.839014443670749
1,12,535,13,  inboun,MD355 Central BRT,Design,24,031,700727,24031700727,1400000US24031700727,7007.27,Census Tract 7007.27,G5020,S,755799.000000000000000,0.000000000000000,+39.1376131,-077.1877298,0,0.291814815451000,69104.839014443670749
1,12,817,13,  inboun,MD355 Central BRT,Design,24,031,700834,24031700834,1400000US24031700834,7008.34,Census Tract 7008.34,G5020,S,1416858.000000000000000,3805.000000000000000,+39.1886162,-077.2317358,0,0.548517842993000,69104.839014443670749
1,12,1029,13,  inboun,MD355 Central BRT,Design,24,031,700718,24031700718,1400000US24031700718,7007.18,Census Tract 7007.18,G5020,S,2607800.000000000000000,4305.000000000000000,+39.1146622,-077.1823146,0,1.008536684730000,69104.839014443670749
1,12,1033,13,  inboun,MD355 Central BRT,Design,24,031,700723,24031700723,1400000US24031700723,7007.23,Census Tract 7007.23,G5020,S,1786148.000000000000000,12854.000000000000000,+39.1471102,-077.2025986,0,0.694597429606000,69104.839014443670749
1,13,100,14,  outbou,MD355 Central BRT,Design,24,031,701211,24031701211,1400000US24031701211,7012.11,Census Tract 7012.11,G5020,S,6559358.000000000000000,11424.000000000000000,+39.1090766,-077.1540952,0,2.536984462020000,70032.530227640891098
1,13,126,14,  outbou,MD355 Central BRT,Design,24,031,700309,24031700309,1400000US24031700309,7003.09,Census Tract 7003.09,G5020,S,2319420.000000000000000,11099.000000000000000,+39.1881087,-077.2703189,0,0.899814759150000,70032.530227640891098
1,13,152,14,  outbou,MD355 Central BRT,Design,24,031,700713,24031700713,1400000US24031700713,7007.13,Census Tract 7007.13,G5020,S,1393024.000000000000000,133390.000000000000000,+39.1570998,-077.2011707,0,0.589348438273000,70032.530227640891098
1,13,188,14,  outbou,MD355 Central BRT,Design,24,031,700818,24031700818,1400000US24031700818,7008.18,Census Tract 7008.18,G5020,S,2194564.000000000000000,47308.000000000000000,+39.1798565,-077.2556386,0,0.865589609496000,70032.530227640891098
1,13,189,14,  outbou,MD355 Central BRT,Design,24,031,700901,24031700901,1400000US24031700901,7009.01,Census Tract 7009.01,G5020,S,1695987.000000000000000,0.000000000000000,+39.0865869,-077.1522375,0,0.654820216764000,70032.530227640891098
1,13,216,14,  outbou,MD355 Central BRT,Design,24,031,701004,24031701004,1400000US24031701004,7010.04,Census Tract 7010.04,G5020,S,3069810.000000000000000,6703.000000000000000,+39.0986188,-077.1659654,0,1.187844910220000,70032.530227640891098
1,13,389,14,  outbou,MD355 Central BRT,Design,24,031,700830,24031700830,1400000US24031700830,7008.30,Census Tract 7008.30,G5020,S,1779808.000000000000000,224.000000000000000,+39.1851226,-077.2448532,0,0.687270983017000,70032.530227640891098
1,13,391,14,  outbou,MD355 Central BRT,Design,24,031,700833,24031700833,1400000US24031700833,7008.33,Census Tract 7008.33,G5020,S,2346899.000000000000000,16514.000000000000000,+39.1800898,-077.2275649,0,0.912514625420000,70032.530227640891098
1,13,505,14,  outbou,MD355 Central BRT,Design,24,031,700732,24031700732,1400000US24031700732,7007.32,Census Tract 7007.32,G5020,S,1536132.000000000000000,4180.000000000000000,+39.1252880,-077.1930288,0,0.594714993539000,70032.530227640891098
1,13,507,14,  outbou,MD355 Central BRT,Design,24,031,700733,24031700733,1400000US24031700733,7007.33,Census Tract 7007.33,G5020,S,2630254.000000000000000,26251.000000000000000,+39.1602123,-077.2187548,0,1.025676292700000,70032.530227640891098
1,13,517,14,  outbou,MD355 Central BRT,Design,24,031,700728,24031700728,1400000US24031700728,7007.28,Census Tract 7007.28,G5020,S,2134659.000000000000000,0.000000000000000,+39.1271568,-077.1761624,0,0.824191816834000,70032.530227640891098
1,13,525,14,  outbou,MD355 Central BRT,Design,24,031,700731,24031700731,1400000US24031700731,7007.31,Census Tract 7007.31,G5020,S,1325817.000000000000000,7868.000000000000000,+39.1334282,-077.1966015,0,0.514936109301000,70032.530227640891098
1,13,791,14,  outbou,MD355 Central BRT,Design,24,031,700832,24031700832,1400000US24031700832,7008.32,Census Tract 7008.32,G5020,S,1374320.000000000000000,984.000000000000000,+39.1700922,-077.2386096,0,0.531005834367000,70032.530227640891098
1,13,817,14,  outbou,MD355 Central BRT,Design,24,031,700834,24031700834,1400000US24031700834,7008.34,Census Tract 7008.34,G5020,S,1416858.000000000000000,3805.000000000000000,+39.1886162,-077.2317358,0,0.548517842993000,70032.530227640891098
1,13,1029,14,  outbou,MD355 Central BRT,Design,24,031,700718,24031700718,1400000US24031700718,7007.18,Census Tract 7007.18,G5020,S,2607800.000000000000000,4305.000000000000000,+39.1146622,-077.1823146,0,1.008536684730000,70032.530227640891098
1,13,1032,14,  outbou,MD355 Central BRT,Design,24,031,700724,24031700724,1400000US24031700724,7007.24,Census Tract 7007.24,G5020,S,823248.000000000000000,0.000000000000000,+39.1396063,-077.2078144,0,0.317855194648000,70032.530227640891098
1,13,1033,14,  outbou,MD355 Central BRT,Design,24,031,700723,24031700723,1400000US24031700723,7007.23,Census Tract 7007.23,G5020,S,1786148.000000000000000,12854.000000000000000,+39.1471102,-077.2025986,0,0.694597429606000,70032.530227640891098
1,14,138,15,  inboun,Univ. Blvd BRT,BRT Network,24,031,702000,24031702000,1400000US24031702000,7020,Census Tract 7020,G5020,S,980655.000000000000000,0.000000000000000,+38.9951964,-076.9932806,0,0.378631143284000,30984.049600106107391
1,14,139,15,  inboun,Univ. Blvd BRT,BRT Network,24,031,702200,24031702200,1400000US24031702200,7022,Census Tract 7022,G5020,S,1653437.000000000000000,0.000000000000000,+39.0093138,-077.0065074,0,0.638393024128000,30984.049600106107391
1,14,161,15,  inboun,Univ. Blvd BRT,BRT Network,24,031,703000,24031703000,1400000US24031703000,7030,Census Tract 7030,G5020,S,1087773.000000000000000,0.000000000000000,+39.0183846,-077.0213915,0,0.419991078178000,30984.049600106107391
1,14,164,15,  inboun,Univ. Blvd BRT,BRT Network,24,031,703100,24031703100,1400000US24031703100,7031,Census Tract 7031,G5020,S,1811567.000000000000000,0.000000000000000,+39.0264084,-077.0220358,0,0.699446462060000,30984.049600106107391
1,14,559,15,  inboun,Univ. Blvd BRT,BRT Network,24,031,703800,24031703800,1400000US24031703800,7038,Census Tract 7038,G5020,S,1215086.000000000000000,139.000000000000000,+39.0360600,-077.0547130,0,0.469197783959000,30984.049600106107391
1,14,561,15,  inboun,Univ. Blvd BRT,BRT Network,24,031,703902,24031703902,1400000US24031703902,7039.02,Census Tract 7039.02,G5020,S,2174197.000000000000000,0.000000000000000,+39.0322535,-077.0397148,0,0.839456725789000,30984.049600106107391
1,14,1469,15,  inboun,Univ. Blvd BRT,BRT Network,24,031,701703,24031701703,1400000US24031701703,7017.03,Census Tract 7017.03,G5020,S,1102887.000000000000000,0.000000000000000,+38.9844888,-076.9911737,0,0.425825049934000,30984.049600106107391
1,15,90,16,  outbou,Univ. Blvd BRT,BRT Network,24,031,702102,24031702102,1400000US24031702102,7021.02,Census Tract 7021.02,G5020,S,1630456.000000000000000,26309.000000000000000,+39.0219894,-077.0047129,0,0.639678276664000,30966.484338465244946
1,15,112,16,  outbou,Univ. Blvd BRT,BRT Network,24,031,702101,24031702101,1400000US24031702101,7021.01,Census Tract 7021.01,G5020,S,1638202.000000000000000,22613.000000000000000,+39.0084284,-076.9944183,0,0.641242476792000,30966.484338465244946
1,15,119,16,  outbou,Univ. Blvd BRT,BRT Network,24,031,703208,24031703208,1400000US24031703208,7032.08,Census Tract 7032.08,G5020,S,3621453.000000000000000,54892.000000000000000,+39.0527225,-077.0141660,0,1.419443479340000,30966.484338465244946
1,15,138,16,  outbou,Univ. Blvd BRT,BRT Network,24,031,702000,24031702000,1400000US24031702000,7020,Census Tract 7020,G5020,S,980655.000000000000000,0.000000000000000,+38.9951964,-076.9932806,0,0.378631143284000,30966.484338465244946
1,15,139,16,  outbou,Univ. Blvd BRT,BRT Network,24,031,702200,24031702200,1400000US24031702200,7022,Census Tract 7022,G5020,S,1653437.000000000000000,0.000000000000000,+39.0093138,-077.0065074,0,0.638393024128000,30966.484338465244946
1,15,161,16,  outbou,Univ. Blvd BRT,BRT Network,24,031,703000,24031703000,1400000US24031703000,7030,Census Tract 7030,G5020,S,1087773.000000000000000,0.000000000000000,+39.0183846,-077.0213915,0,0.419991078178000,30966.484338465244946
1,15,164,16,  outbou,Univ. Blvd BRT,BRT Network,24,031,703100,24031703100,1400000US24031703100,7031,Census Tract 7031,G5020,S,1811567.000000000000000,0.000000000000000,+39.0264084,-077.0220358,0,0.699446462060000,30966.484338465244946
1,15,167,16,  outbou,Univ. Blvd BRT,BRT Network,24,031,703209,24031703209,1400000US24031703209,7032.09,Census Tract 7032.09,G5020,S,1785014.000000000000000,1821.000000000000000,+39.0389118,-077.0339921,0,0.689896678221000,30966.484338465244946
1,15,168,16,  outbou,Univ. Blvd BRT,BRT Network,24,031,703210,24031703210,1400000US24031703210,7032.10,Census Tract 7032.10,G5020,S,1539553.000000000000000,17284.000000000000000,+39.0325523,-077.0141838,0,0.601091687607000,30966.484338465244946
1,15,559,16,  outbou,Univ. Blvd BRT,BRT Network,24,031,703800,24031703800,1400000US24031703800,7038,Census Tract 7038,G5020,S,1215086.000000000000000,139.000000000000000,+39.0360600,-077.0547130,0,0.469197783959000,30966.484338465244946
1,15,561,16,  outbou,Univ. Blvd BRT,BRT Network,24,031,703902,24031703902,1400000US24031703902,7039.02,Census Tract 7039.02,G5020,S,2174197.000000000000000,0.000000000000000,+39.0322535,-077.0397148,0,0.839456725789000,30966.484338465244946
1,16,84,17,  inboun,US29 BRT - Howard County,Design,24,031,701408,24031701408,1400000US24031701408,7014.08,Census Tract 7014.08,G5020,S,25437585.000000000000000,825663.000000000000000,+39.1262319,-076.9696305,0,10.140255880600000,107733.943179367794073
1,16,108,17,  inboun,US29 BRT - Howard County,Design,24,031,701506,24031701506,1400000US24031701506,7015.06,Census Tract 7015.06,G5020,S,6061219.000000000000000,5209.000000000000000,+39.0548604,-077.0050149,0,2.342249787300000,107733.943179367794073
1,16,109,17,  inboun,US29 BRT - Howard County,Design,24,031,701414,24031701414,1400000US24031701414,7014.14,Census Tract 7014.14,G5020,S,5750561.000000000000000,19555.000000000000000,+39.0726448,-076.9660918,0,2.227847219390000,107733.943179367794073
1,16,139,17,  inboun,US29 BRT - Howard County,Design,24,031,702200,24031702200,1400000US24031702200,7022,Census Tract 7022,G5020,S,1653437.000000000000000,0.000000000000000,+39.0093138,-077.0065074,0,0.638393024128000,107733.943179367794073
1,16,141,17,  inboun,US29 BRT - Howard County,Design,24,031,702302,24031702302,1400000US24031702302,7023.02,Census Tract 7023.02,G5020,S,1546299.000000000000000,3511.000000000000000,+39.0094941,-077.0189819,0,0.598382975146000,107733.943179367794073
1,16,160,17,  inboun,US29 BRT - Howard County,Design,24,031,702900,24031702900,1400000US24031702900,7029,Census Tract 7029,G5020,S,2565054.000000000000000,0.000000000000000,+39.0056401,-077.0277748,0,0.990371702527000,107733.943179367794073
1,16,161,17,  inboun,US29 BRT - Howard County,Design,24,031,703000,24031703000,1400000US24031703000,7030,Census Tract 7030,G5020,S,1087773.000000000000000,0.000000000000000,+39.0183846,-077.0213915,0,0.419991078178000,107733.943179367794073
1,16,164,17,  inboun,US29 BRT - Howard County,Design,24,031,703100,24031703100,1400000US24031703100,7031,Census Tract 7031,G5020,S,1811567.000000000000000,0.000000000000000,+39.0264084,-077.0220358,0,0.699446462060000,107733.943179367794073
1,16,168,17,  inboun,US29 BRT - Howard County,Design,24,031,703210,24031703210,1400000US24031703210,7032.10,Census Tract 7032.10,G5020,S,1539553.000000000000000,17284.000000000000000,+39.0325523,-077.0141838,0,0.601091687607000,107733.943179367794073
1,16,501,17,  inboun,US29 BRT - Howard County,Design,24,031,702501,24031702501,1400000US24031702501,7025.01,Census Tract 7025.01,G5020,S,333228.000000000000000,0.000000000000000,+38.9908535,-077.0286300,0,0.128659467514000,107733.943179367794073
1,16,516,17,  inboun,US29 BRT - Howard County,Design,24,031,702503,24031702503,1400000US24031702503,7025.03,Census Tract 7025.03,G5020,S,408458.000000000000000,0.000000000000000,+38.9971020,-077.0281693,0,0.157705967941000,107733.943179367794073
1,16,531,17,  inboun,US29 BRT - Howard County,Design,24,031,701426,24031701426,1400000US24031701426,7014.26,Census Tract 7014.26,G5020,S,4733807.000000000000000,169513.000000000000000,+39.1131808,-076.9207785,0,1.893172583790000,107733.943179367794073
1,16,1446,17,  inboun,US29 BRT - Howard County,Design,24,031,701409,24031701409,1400000US24031701409,7014.09,Census Tract 7014.09,G5020,S,6668709.000000000000000,8219.000000000000000,+39.1003467,-076.9522476,0,2.577966856200000,107733.943179367794073
1,16,1456,17,  inboun,US29 BRT - Howard County,Design,24,031,701503,24031701503,1400000US24031701503,7015.03,Census Tract 7015.03,G5020,S,4487400.000000000000000,15457.000000000000000,+39.0601655,-076.9902806,0,1.738555019430000,107733.943179367794073
1,17,84,18,  outbou,US29 BRT - Howard County,Design,24,031,701408,24031701408,1400000US24031701408,7014.08,Census Tract 7014.08,G5020,S,25437585.000000000000000,825663.000000000000000,+39.1262319,-076.9696305,0,10.140255880600000,116952.759540693979943
1,17,90,18,  outbou,US29 BRT - Howard County,Design,24,031,702102,24031702102,1400000US24031702102,7021.02,Census Tract 7021.02,G5020,S,1630456.000000000000000,26309.000000000000000,+39.0219894,-077.0047129,0,0.639678276664000,116952.759540693979943
1,17,108,18,  outbou,US29 BRT - Howard County,Design,24,031,701506,24031701506,1400000US24031701506,7015.06,Census Tract 7015.06,G5020,S,6061219.000000000000000,5209.000000000000000,+39.0548604,-077.0050149,0,2.342249787300000,116952.759540693979943
1,17,109,18,  outbou,US29 BRT - Howard County,Design,24,031,701414,24031701414,1400000US24031701414,7014.14,Census Tract 7014.14,G5020,S,5750561.000000000000000,19555.000000000000000,+39.0726448,-076.9660918,0,2.227847219390000,116952.759540693979943
1,17,139,18,  outbou,US29 BRT - Howard County,Design,24,031,702200,24031702200,1400000US24031702200,7022,Census Tract 7022,G5020,S,1653437.000000000000000,0.000000000000000,+39.0093138,-077.0065074,0,0.638393024128000,116952.759540693979943
1,17,141,18,  outbou,US29 BRT - Howard County,Design,24,031,702302,24031702302,1400000US24031702302,7023.02,Census Tract 7023.02,G5020,S,1546299.000000000000000,3511.000000000000000,+39.0094941,-077.0189819,0,0.598382975146000,116952.759540693979943
1,17,160,18,  outbou,US29 BRT - Howard County,Design,24,031,702900,24031702900,1400000US24031702900,7029,Census Tract 7029,G5020,S,2565054.000000000000000,0.000000000000000,+39.0056401,-077.0277748,0,0.990371702527000,116952.759540693979943
1,17,161,18,  outbou,US29 BRT - Howard County,Design,24,031,703000,24031703000,1400000US24031703000,7030,Census Tract 7030,G5020,S,1087773.000000000000000,0.000000000000000,+39.0183846,-077.0213915,0,0.419991078178000,116952.759540693979943
1,17,164,18,  outbou,US29 BRT - Howard County,Design,24,031,703100,24031703100,1400000US24031703100,7031,Census Tract 7031,G5020,S,1811567.000000000000000,0.000000000000000,+39.0264084,-077.0220358,0,0.699446462060000,116952.759540693979943
1,17,168,18,  outbou,US29 BRT - Howard County,Design,24,031,703210,24031703210,1400000US24031703210,7032.10,Census Tract 7032.10,G5020,S,1539553.000000000000000,17284.000000000000000,+39.0325523,-077.0141838,0,0.601091687607000,116952.759540693979943
1,17,501,18,  outbou,US29 BRT - Howard County,Design,24,031,702501,24031702501,1400000US24031702501,7025.01,Census Tract 7025.01,G5020,S,333228.000000000000000,0.000000000000000,+38.9908535,-077.0286300,0,0.128659467514000,116952.759540693979943
1,17,516,18,  outbou,US29 BRT - Howard County,Design,24,031,702503,24031702503,1400000US24031702503,7025.03,Census Tract 7025.03,G5020,S,408458.000000000000000,0.000000000000000,+38.9971020,-077.0281693,0,0.157705967941000,116952.759540693979943
1,17,518,18,  outbou,US29 BRT - Howard County,Design,24,031,701425,24031701425,1400000US24031701425,7014.25,Census Tract 7014.25,G5020,S,4808507.000000000000000,33251.000000000000000,+39.0504895,-076.9597374,0,1.869405376740000,116952.759540693979943
1,17,520,18,  outbou,US29 BRT - Howard County,Design,24,031,701424,24031701424,1400000US24031701424,7014.24,Census Tract 7014.24,G5020,S,2204125.000000000000000,2661.000000000000000,+39.0651575,-076.9538478,0,0.852041523690000,116952.759540693979943
1,17,527,18,  outbou,US29 BRT - Howard County,Design,24,031,702502,24031702502,1400000US24031702502,7025.02,Census Tract 7025.02,G5020,S,383501.000000000000000,0.000000000000000,+38.9879974,-077.0247984,0,0.148070824573000,116952.759540693979943
1,17,531,18,  outbou,US29 BRT - Howard County,Design,24,031,701426,24031701426,1400000US24031701426,7014.26,Census Tract 7014.26,G5020,S,4733807.000000000000000,169513.000000000000000,+39.1131808,-076.9207785,0,1.893172583790000,116952.759540693979943
1,17,801,18,  outbou,US29 BRT - Howard County,Design,24,031,701508,24031701508,1400000US24031701508,7015.08,Census Tract 7015.08,G5020,S,915142.000000000000000,389.000000000000000,+39.0453954,-076.9770714,0,0.353486892387000,116952.759540693979943
1,17,802,18,  outbou,US29 BRT - Howard County,Design,24,031,701423,24031701423,1400000US24031701423,7014.23,Census Tract 7014.23,G5020,S,1044573.000000000000000,21240.000000000000000,+39.0864582,-076.9382912,0,0.411510645549000,116952.759540693979943
1,17,818,18,  outbou,US29 BRT - Howard County,Design,24,031,701418,24031701418,1400000US24031701418,7014.18,Census Tract 7014.18,G5020,S,1204590.000000000000000,0.000000000000000,+39.0709656,-076.9467203,0,0.465092502763000,116952.759540693979943
1,17,820,18,  outbou,US29 BRT - Howard County,Design,24,031,701422,24031701422,1400000US24031701422,7014.22,Census Tract 7014.22,G5020,S,323524.000000000000000,0.000000000000000,+39.0829685,-076.9437971,0,0.124912360252000,116952.759540693979943
1,17,837,18,  outbou,US29 BRT - Howard County,Design,24,031,701509,24031701509,1400000US24031701509,7015.09,Census Tract 7015.09,G5020,S,4085037.000000000000000,0.000000000000000,+39.0331015,-076.9767518,0,1.577236080800000,116952.759540693979943
1,17,1446,18,  outbou,US29 BRT - Howard County,Design,24,031,701409,24031701409,1400000US24031701409,7014.09,Census Tract 7014.09,G5020,S,6668709.000000000000000,8219.000000000000000,+39.1003467,-076.9522476,0,2.577966856200000,116952.759540693979943
1,17,1455,18,  outbou,US29 BRT - Howard County,Design,24,031,701417,24031701417,1400000US24031701417,7014.17,Census Tract 7014.17,G5020,S,2149857.000000000000000,501.000000000000000,+39.0769598,-076.9381795,0,0.830253064357000,116952.759540693979943
1,17,1456,18,  outbou,US29 BRT - Howard County,Design,24,031,701503,24031701503,1400000US24031701503,7015.03,Census Tract 7015.03,G5020,S,4487400.000000000000000,15457.000000000000000,+39.0601655,-076.9902806,0,1.738555019430000,116952.759540693979943
1,17,1457,18,  outbou,US29 BRT - Howard County,Design,24,031,701505,24031701505,1400000US24031701505,7015.05,Census Tract 7015.05,G5020,S,3340981.000000000000000,1699.000000000000000,+39.0300467,-076.9933235,0,1.290612301640000,116952.759540693979943
1,18,159,19,  inboun,Georgia Ave BRT,BRT Network,24,031,702800,24031702800,1400000US24031702800,7028,Census Tract 7028,G5020,S,1673498.000000000000000,0.000000000000000,+39.0059732,-077.0431441,0,0.646139045101000,18897.452853863931523
1,18,160,19,  inboun,Georgia Ave BRT,BRT Network,24,031,702900,24031702900,1400000US24031702900,7029,Census Tract 7029,G5020,S,2565054.000000000000000,0.000000000000000,+39.0056401,-077.0277748,0,0.990371702527000,18897.452853863931523
1,18,501,19,  inboun,Georgia Ave BRT,BRT Network,24,031,702501,24031702501,1400000US24031702501,7025.01,Census Tract 7025.01,G5020,S,333228.000000000000000,0.000000000000000,+38.9908535,-077.0286300,0,0.128659467514000,18897.452853863931523
1,18,516,19,  inboun,Georgia Ave BRT,BRT Network,24,031,702503,24031702503,1400000US24031702503,7025.03,Census Tract 7025.03,G5020,S,408458.000000000000000,0.000000000000000,+38.9971020,-077.0281693,0,0.157705967941000,18897.452853863931523
1,18,559,19,  inboun,Georgia Ave BRT,BRT Network,24,031,703800,24031703800,1400000US24031703800,7038,Census Tract 7038,G5020,S,1215086.000000000000000,139.000000000000000,+39.0360600,-077.0547130,0,0.469197783959000,18897.452853863931523
1,18,562,19,  inboun,Georgia Ave BRT,BRT Network,24,031,704000,24031704000,1400000US24031704000,7040,Census Tract 7040,G5020,S,2264881.000000000000000,181.000000000000000,+39.0216780,-077.0544179,0,0.874540742666000,18897.452853863931523
1,19,159,20,  outbou,Georgia Ave BRT,BRT Network,24,031,702800,24031702800,1400000US24031702800,7028,Census Tract 7028,G5020,S,1673498.000000000000000,0.000000000000000,+39.0059732,-077.0431441,0,0.646139045101000,19006.381553749371960
1,19,160,20,  outbou,Georgia Ave BRT,BRT Network,24,031,702900,24031702900,1400000US24031702900,7029,Census Tract 7029,G5020,S,2565054.000000000000000,0.000000000000000,+39.0056401,-077.0277748,0,0.990371702527000,19006.381553749371960
1,19,501,20,  outbou,Georgia Ave BRT,BRT Network,24,031,702501,24031702501,1400000US24031702501,7025.01,Census Tract 7025.01,G5020,S,333228.000000000000000,0.000000000000000,+38.9908535,-077.0286300,0,0.128659467514000,19006.381553749371960
1,19,516,20,  outbou,Georgia Ave BRT,BRT Network,24,031,702503,24031702503,1400000US24031702503,7025.03,Census Tract 7025.03,G5020,S,408458.000000000000000,0.000000000000000,+38.9971020,-077.0281693,0,0.157705967941000,19006.381553749371960
1,19,527,20,  outbou,Georgia Ave BRT,BRT Network,24,031,702502,24031702502,1400000US24031702502,7025.02,Census Tract 7025.02,G5020,S,383501.000000000000000,0.000000000000000,+38.9879974,-077.0247984,0,0.148070824573000,19006.381553749371960
1,19,559,20,  outbou,Georgia Ave BRT,BRT Network,24,031,703800,24031703800,1400000US24031703800,7038,Census Tract 7038,G5020,S,1215086.000000000000000,139.000000000000000,+39.0360600,-077.0547130,0,0.469197783959000,19006.381553749371960
1,19,560,20,  outbou,Georgia Ave BRT,BRT Network,24,031,703901,24031703901,1400000US24031703901,7039.01,Census Tract 7039.01,G5020,S,1419583.000000000000000,5035.000000000000000,+39.0202612,-077.0362582,0,0.550045482919000,19006.381553749371960
1,19,561,20,  outbou,Georgia Ave BRT,BRT Network,24,031,703902,24031703902,1400000US24031703902,7039.02,Census Tract 7039.02,G5020,S,2174197.000000000000000,0.000000000000000,+39.0322535,-077.0397148,0,0.839456725789000,19006.381553749371960
1,19,562,20,  outbou,Georgia Ave BRT,BRT Network,24,031,704000,24031704000,1400000US24031704000,7040,Census Tract 7040,G5020,S,2264881.000000000000000,181.000000000000000,+39.0216780,-077.0544179,0,0.874540742666000,19006.381553749371960
1,20,88,21,  inboun,Randolph Rd BRT,Planning,24,031,703404,24031703404,1400000US24031703404,7034.04,Census Tract 7034.04,G5020,S,572813.000000000000000,0.000000000000000,+39.0548319,-077.0701459,0,0.221163602767000,82366.955550983213470
1,20,89,21,  inboun,Randolph Rd BRT,Planning,24,031,701507,24031701507,1400000US24031701507,7015.07,Census Tract 7015.07,G5020,S,5548532.000000000000000,4167.000000000000000,+39.0833905,-077.0135950,0,2.143901319310000,82366.955550983213470
1,20,108,21,  inboun,Randolph Rd BRT,Planning,24,031,701506,24031701506,1400000US24031701506,7015.06,Census Tract 7015.06,G5020,S,6061219.000000000000000,5209.000000000000000,+39.0548604,-077.0050149,0,2.342249787300000,82366.955550983213470
1,20,109,21,  inboun,Randolph Rd BRT,Planning,24,031,701414,24031701414,1400000US24031701414,7014.14,Census Tract 7014.14,G5020,S,5750561.000000000000000,19555.000000000000000,+39.0726448,-076.9660918,0,2.227847219390000,82366.955550983213470
1,20,121,21,  inboun,Randolph Rd BRT,Planning,24,031,703501,24031703501,1400000US24031703501,7035.01,Census Tract 7035.01,G5020,S,2203333.000000000000000,82062.000000000000000,+39.0533187,-077.0882029,0,0.882391261754000,82366.955550983213470
1,20,155,21,  inboun,Randolph Rd BRT,Planning,24,031,701415,24031701415,1400000US24031701415,7014.15,Census Tract 7014.15,G5020,S,7115743.000000000000000,15071.000000000000000,+39.0843083,-076.9894825,0,2.753211281470000,82366.955550983213470
1,20,165,21,  inboun,Randolph Rd BRT,Planning,24,031,703206,24031703206,1400000US24031703206,7032.06,Census Tract 7032.06,G5020,S,2663393.000000000000000,4563.000000000000000,+39.0724469,-077.0546839,0,1.030097826100000,82366.955550983213470
1,20,166,21,  inboun,Randolph Rd BRT,Planning,24,031,703207,24031703207,1400000US24031703207,7032.07,Census Tract 7032.07,G5020,S,3991091.000000000000000,28491.000000000000000,+39.0540685,-077.0334936,0,1.551963106120000,82366.955550983213470
1,20,194,21,  inboun,Randolph Rd BRT,Planning,24,031,703401,24031703401,1400000US24031703401,7034.01,Census Tract 7034.01,G5020,S,1780785.000000000000000,0.000000000000000,+39.0616110,-077.0797750,0,0.687563903697000,82366.955550983213470
1,20,196,21,  inboun,Randolph Rd BRT,Planning,24,031,703403,24031703403,1400000US24031703403,7034.03,Census Tract 7034.03,G5020,S,1214585.000000000000000,0.000000000000000,+39.0616540,-077.0623465,0,0.468952174931000,82366.955550983213470
1,20,510,21,  inboun,Randolph Rd BRT,Planning,24,031,703222,24031703222,1400000US24031703222,7032.22,Census Tract 7032.22,G5020,S,1609508.000000000000000,18251.000000000000000,+39.0666172,-077.0410781,0,0.628478373511000,82366.955550983213470
1,20,518,21,  inboun,Randolph Rd BRT,Planning,24,031,701425,24031701425,1400000US24031701425,7014.25,Census Tract 7014.25,G5020,S,4808507.000000000000000,33251.000000000000000,+39.0504895,-076.9597374,0,1.869405376740000,82366.955550983213470
1,20,796,21,  inboun,Randolph Rd BRT,Planning,24,031,701219,24031701219,1400000US24031701219,7012.19,Census Tract 7012.19,G5020,S,2250970.000000000000000,1538.000000000000000,+39.0593842,-077.1095765,0,0.869697691944000,82366.955550983213470
1,20,799,21,  inboun,Randolph Rd BRT,Planning,24,031,706012,24031706012,1400000US24031706012,7060.12,Census Tract 7060.12,G5020,S,2082169.000000000000000,40250.000000000000000,+39.0301126,-077.1523847,0,0.819466758945000,82366.955550983213470
1,20,1171,21,  inboun,Randolph Rd BRT,Planning,24,031,701216,24031701216,1400000US24031701216,7012.16,Census Tract 7012.16,G5020,S,1358375.000000000000000,505.000000000000000,+39.0478603,-077.1158425,0,0.524662571420000,82366.955550983213470
1,20,1428,21,  inboun,Randolph Rd BRT,Planning,24,031,701201,24031701201,1400000US24031701201,7012.01,Census Tract 7012.01,G5020,S,2534649.000000000000000,20262.000000000000000,+39.0498578,-077.0957459,0,0.986452384912000,82366.955550983213470
1,20,1429,21,  inboun,Randolph Rd BRT,Planning,24,031,701202,24031701202,1400000US24031701202,7012.02,Census Tract 7012.02,G5020,S,1789482.000000000000000,0.000000000000000,+39.0386325,-077.1001237,0,0.690919108727000,82366.955550983213470
1,20,1430,21,  inboun,Randolph Rd BRT,Planning,24,031,701205,24031701205,1400000US24031701205,7012.05,Census Tract 7012.05,G5020,S,6829971.000000000000000,16126.000000000000000,+39.0418495,-077.1354132,0,2.643285017490000,82366.955550983213470
1,20,1456,21,  inboun,Randolph Rd BRT,Planning,24,031,701503,24031701503,1400000US24031701503,7015.03,Census Tract 7015.03,G5020,S,4487400.000000000000000,15457.000000000000000,+39.0601655,-076.9902806,0,1.738555019430000,82366.955550983213470
1,21,88,22,  outbou,Randolph Rd BRT,Planning,24,031,703404,24031703404,1400000US24031703404,7034.04,Census Tract 7034.04,G5020,S,572813.000000000000000,0.000000000000000,+39.0548319,-077.0701459,0,0.221163602767000,81189.219177675724495
1,21,108,22,  outbou,Randolph Rd BRT,Planning,24,031,701506,24031701506,1400000US24031701506,7015.06,Census Tract 7015.06,G5020,S,6061219.000000000000000,5209.000000000000000,+39.0548604,-077.0050149,0,2.342249787300000,81189.219177675724495
1,21,109,22,  outbou,Randolph Rd BRT,Planning,24,031,701414,24031701414,1400000US24031701414,7014.14,Census Tract 7014.14,G5020,S,5750561.000000000000000,19555.000000000000000,+39.0726448,-076.9660918,0,2.227847219390000,81189.219177675724495
1,21,115,22,  outbou,Randolph Rd BRT,Planning,24,031,703702,24031703702,1400000US24031703702,7037.02,Census Tract 7037.02,G5020,S,1242456.000000000000000,0.000000000000000,+39.0486516,-077.0563037,0,0.479713342524000,81189.219177675724495
1,21,121,22,  outbou,Randolph Rd BRT,Planning,24,031,703501,24031703501,1400000US24031703501,7035.01,Census Tract 7035.01,G5020,S,2203333.000000000000000,82062.000000000000000,+39.0533187,-077.0882029,0,0.882391261754000,81189.219177675724495
1,21,155,22,  outbou,Randolph Rd BRT,Planning,24,031,701415,24031701415,1400000US24031701415,7014.15,Census Tract 7014.15,G5020,S,7115743.000000000000000,15071.000000000000000,+39.0843083,-076.9894825,0,2.753211281470000,81189.219177675724495
1,21,165,22,  outbou,Randolph Rd BRT,Planning,24,031,703206,24031703206,1400000US24031703206,7032.06,Census Tract 7032.06,G5020,S,2663393.000000000000000,4563.000000000000000,+39.0724469,-077.0546839,0,1.030097826100000,81189.219177675724495
1,21,166,22,  outbou,Randolph Rd BRT,Planning,24,031,703207,24031703207,1400000US24031703207,7032.07,Census Tract 7032.07,G5020,S,3991091.000000000000000,28491.000000000000000,+39.0540685,-077.0334936,0,1.551963106120000,81189.219177675724495
1,21,194,22,  outbou,Randolph Rd BRT,Planning,24,031,703401,24031703401,1400000US24031703401,7034.01,Census Tract 7034.01,G5020,S,1780785.000000000000000,0.000000000000000,+39.0616110,-077.0797750,0,0.687563903697000,81189.219177675724495
1,21,196,22,  outbou,Randolph Rd BRT,Planning,24,031,703403,24031703403,1400000US24031703403,7034.03,Census Tract 7034.03,G5020,S,1214585.000000000000000,0.000000000000000,+39.0616540,-077.0623465,0,0.468952174931000,81189.219177675724495
1,21,508,22,  outbou,Randolph Rd BRT,Planning,24,031,701222,24031701222,1400000US24031701222,7012.22,Census Tract 7012.22,G5020,S,1179645.000000000000000,0.000000000000000,+39.0393872,-077.1168941,0,0.455462471950000,81189.219177675724495
1,21,510,22,  outbou,Randolph Rd BRT,Planning,24,031,703222,24031703222,1400000US24031703222,7032.22,Census Tract 7032.22,G5020,S,1609508.000000000000000,18251.000000000000000,+39.0666172,-077.0410781,0,0.628478373511000,81189.219177675724495
1,21,518,22,  outbou,Randolph Rd BRT,Planning,24,031,701425,24031701425,1400000US24031701425,7014.25,Census Tract 7014.25,G5020,S,4808507.000000000000000,33251.000000000000000,+39.0504895,-076.9597374,0,1.869405376740000,81189.219177675724495
1,21,558,22,  outbou,Randolph Rd BRT,Planning,24,031,703701,24031703701,1400000US24031703701,7037.01,Census Tract 7037.01,G5020,S,1190992.000000000000000,0.000000000000000,+39.0532841,-077.0624733,0,0.459841760183000,81189.219177675724495
1,21,796,22,  outbou,Randolph Rd BRT,Planning,24,031,701219,24031701219,1400000US24031701219,7012.19,Census Tract 7012.19,G5020,S,2250970.000000000000000,1538.000000000000000,+39.0593842,-077.1095765,0,0.869697691944000,81189.219177675724495
1,21,799,22,  outbou,Randolph Rd BRT,Planning,24,031,706012,24031706012,1400000US24031706012,7060.12,Census Tract 7060.12,G5020,S,2082169.000000000000000,40250.000000000000000,+39.0301126,-077.1523847,0,0.819466758945000,81189.219177675724495
1,21,1171,22,  outbou,Randolph Rd BRT,Planning,24,031,701216,24031701216,1400000US24031701216,7012.16,Census Tract 7012.16,G5020,S,1358375.000000000000000,505.000000000000000,+39.0478603,-077.1158425,0,0.524662571420000,81189.219177675724495
1,21,1428,22,  outbou,Randolph Rd BRT,Planning,24,031,701201,24031701201,1400000US24031701201,7012.01,Census Tract 7012.01,G5020,S,2534649.000000000000000,20262.000000000000000,+39.0498578,-077.0957459,0,0.986452384912000,81189.219177675724495
1,21,1429,22,  outbou,Randolph Rd BRT,Planning,24,031,701202,24031701202,1400000US24031701202,7012.02,Census Tract 7012.02,G5020,S,1789482.000000000000000,0.000000000000000,+39.0386325,-077.1001237,0,0.690919108727000,81189.219177675724495
1,21,1430,22,  outbou,Randolph Rd BRT,Planning,24,031,701205,24031701205,1400000US24031701205,7012.05,Census Tract 7012.05,G5020,S,6829971.000000000000000,16126.000000000000000,+39.0418495,-077.1354132,0,2.643285017490000,81189.219177675724495
1,21,1434,22,  outbou,Randolph Rd BRT,Planning,24,031,704401,24031704401,1400000US24031704401,7044.01,Census Tract 7044.01,G5020,S,2263541.000000000000000,1986.000000000000000,+39.0218818,-077.1147298,0,0.874721355420000,81189.219177675724495
1,21,1439,22,  outbou,Randolph Rd BRT,Planning,24,031,701215,24031701215,1400000US24031701215,7012.15,Census Tract 7012.15,G5020,S,762122.000000000000000,8551.000000000000000,+39.0295371,-077.1162260,0,0.297556708996000,81189.219177675724495
1,21,1456,22,  outbou,Randolph Rd BRT,Planning,24,031,701503,24031701503,1400000US24031701503,7015.03,Census Tract 7015.03,G5020,S,4487400.000000000000000,15457.000000000000000,+39.0601655,-076.9902806,0,1.738555019430000,81189.219177675724495
1,22,87,23,  inboun,Veirs Mill BRT,Construction,24,031,700902,24031700902,1400000US24031700902,7009.02,Census Tract 7009.02,G5020,S,1718904.000000000000000,0.000000000000000,+39.0896147,-077.1442283,0,0.663670445899000,39601.029643100489920
1,22,88,23,  inboun,Veirs Mill BRT,Construction,24,031,703404,24031703404,1400000US24031703404,7034.04,Census Tract 7034.04,G5020,S,572813.000000000000000,0.000000000000000,+39.0548319,-077.0701459,0,0.221163602767000,39601.029643100489920
1,22,107,23,  inboun,Veirs Mill BRT,Construction,24,031,703201,24031703201,1400000US24031703201,7032.01,Census Tract 7032.01,G5020,S,4257516.000000000000000,21259.000000000000000,+39.0808260,-077.0925280,0,1.652039926600000,39601.029643100489920
1,22,115,23,  inboun,Veirs Mill BRT,Construction,24,031,703702,24031703702,1400000US24031703702,7037.02,Census Tract 7037.02,G5020,S,1242456.000000000000000,0.000000000000000,+39.0486516,-077.0563037,0,0.479713342524000,39601.029643100489920
1,22,189,23,  inboun,Veirs Mill BRT,Construction,24,031,700901,24031700901,1400000US24031700901,7009.01,Census Tract 7009.01,G5020,S,1695987.000000000000000,0.000000000000000,+39.0865869,-077.1522375,0,0.654820216764000,39601.029643100489920
1,22,192,23,  inboun,Veirs Mill BRT,Construction,24,031,703301,24031703301,1400000US24031703301,7033.01,Census Tract 7033.01,G5020,S,1502778.000000000000000,0.000000000000000,+39.0700877,-077.0936023,0,0.580223723353000,39601.029643100489920
1,22,193,23,  inboun,Veirs Mill BRT,Construction,24,031,703302,24031703302,1400000US24031703302,7033.02,Census Tract 7033.02,G5020,S,1658961.000000000000000,16924.000000000000000,+39.0736794,-077.0819211,0,0.647061796441000,39601.029643100489920
1,22,194,23,  inboun,Veirs Mill BRT,Construction,24,031,703401,24031703401,1400000US24031703401,7034.01,Census Tract 7034.01,G5020,S,1780785.000000000000000,0.000000000000000,+39.0616110,-077.0797750,0,0.687563903697000,39601.029643100489920
1,22,216,23,  inboun,Veirs Mill BRT,Construction,24,031,701004,24031701004,1400000US24031701004,7010.04,Census Tract 7010.04,G5020,S,3069810.000000000000000,6703.000000000000000,+39.0986188,-077.1659654,0,1.187844910220000,39601.029643100489920
1,22,556,23,  inboun,Veirs Mill BRT,Construction,24,031,701101,24031701101,1400000US24031701101,7011.01,Census Tract 7011.01,G5020,S,2329200.000000000000000,769.000000000000000,+39.0802307,-077.1196526,0,0.899603528337000,39601.029643100489920
1,22,558,23,  inboun,Veirs Mill BRT,Construction,24,031,703701,24031703701,1400000US24031703701,7037.01,Census Tract 7037.01,G5020,S,1190992.000000000000000,0.000000000000000,+39.0532841,-077.0624733,0,0.459841760183000,39601.029643100489920
1,22,559,23,  inboun,Veirs Mill BRT,Construction,24,031,703800,24031703800,1400000US24031703800,7038,Census Tract 7038,G5020,S,1215086.000000000000000,139.000000000000000,+39.0360600,-077.0547130,0,0.469197783959000,39601.029643100489920
1,23,87,24,  outbou,Veirs Mill BRT,Construction,24,031,700902,24031700902,1400000US24031700902,7009.02,Census Tract 7009.02,G5020,S,1718904.000000000000000,0.000000000000000,+39.0896147,-077.1442283,0,0.663670445899000,40481.468529741869133
1,23,88,24,  outbou,Veirs Mill BRT,Construction,24,031,703404,24031703404,1400000US24031703404,7034.04,Census Tract 7034.04,G5020,S,572813.000000000000000,0.000000000000000,+39.0548319,-077.0701459,0,0.221163602767000,40481.468529741869133
1,23,107,24,  outbou,Veirs Mill BRT,Construction,24,031,703201,24031703201,1400000US24031703201,7032.01,Census Tract 7032.01,G5020,S,4257516.000000000000000,21259.000000000000000,+39.0808260,-077.0925280,0,1.652039926600000,40481.468529741869133
1,23,111,24,  outbou,Veirs Mill BRT,Construction,24,031,701102,24031701102,1400000US24031701102,7011.02,Census Tract 7011.02,G5020,S,2068442.000000000000000,0.000000000000000,+39.0723414,-077.1243447,0,0.798637291302000,40481.468529741869133
1,23,115,24,  outbou,Veirs Mill BRT,Construction,24,031,703702,24031703702,1400000US24031703702,7037.02,Census Tract 7037.02,G5020,S,1242456.000000000000000,0.000000000000000,+39.0486516,-077.0563037,0,0.479713342524000,40481.468529741869133
1,23,121,24,  outbou,Veirs Mill BRT,Construction,24,031,703501,24031703501,1400000US24031703501,7035.01,Census Tract 7035.01,G5020,S,2203333.000000000000000,82062.000000000000000,+39.0533187,-077.0882029,0,0.882391261754000,40481.468529741869133
1,23,189,24,  outbou,Veirs Mill BRT,Construction,24,031,700901,24031700901,1400000US24031700901,7009.01,Census Tract 7009.01,G5020,S,1695987.000000000000000,0.000000000000000,+39.0865869,-077.1522375,0,0.654820216764000,40481.468529741869133
1,23,192,24,  outbou,Veirs Mill BRT,Construction,24,031,703301,24031703301,1400000US24031703301,7033.01,Census Tract 7033.01,G5020,S,1502778.000000000000000,0.000000000000000,+39.0700877,-077.0936023,0,0.580223723353000,40481.468529741869133
1,23,193,24,  outbou,Veirs Mill BRT,Construction,24,031,703302,24031703302,1400000US24031703302,7033.02,Census Tract 7033.02,G5020,S,1658961.000000000000000,16924.000000000000000,+39.0736794,-077.0819211,0,0.647061796441000,40481.468529741869133
1,23,194,24,  outbou,Veirs Mill BRT,Construction,24,031,703401,24031703401,1400000US24031703401,7034.01,Census Tract 7034.01,G5020,S,1780785.000000000000000,0.000000000000000,+39.0616110,-077.0797750,0,0.687563903697000,40481.468529741869133
1,23,198,24,  outbou,Veirs Mill BRT,Construction,24,031,703601,24031703601,1400000US24031703601,7036.01,Census Tract 7036.01,G5020,S,1779494.000000000000000,0.000000000000000,+39.0415290,-077.0693759,0,0.687064865606000,40481.468529741869133
1,23,213,24,  outbou,Veirs Mill BRT,Construction,24,031,700904,24031700904,1400000US24031700904,7009.04,Census Tract 7009.04,G5020,S,1132114.000000000000000,1173.000000000000000,+39.0656133,-077.1290436,0,0.437553300493000,40481.468529741869133
1,23,216,24,  outbou,Veirs Mill BRT,Construction,24,031,701004,24031701004,1400000US24031701004,7010.04,Census Tract 7010.04,G5020,S,3069810.000000000000000,6703.000000000000000,+39.0986188,-077.1659654,0,1.187844910220000,40481.468529741869133
1,23,556,24,  outbou,Veirs Mill BRT,Construction,24,031,701101,24031701101,1400000US24031701101,7011.01,Census Tract 7011.01,G5020,S,2329200.000000000000000,769.000000000000000,+39.0802307,-077.1196526,0,0.899603528337000,40481.468529741869133
1,23,558,24,  outbou,Veirs Mill BRT,Construction,24,031,703701,24031703701,1400000US24031703701,7037.01,Census Tract 7037.01,G5020,S,1190992.000000000000000,0.000000000000000,+39.0532841,-077.0624733,0,0.459841760183000,40481.468529741869133
1,23,559,24,  outbou,Veirs Mill BRT,Construction,24,031,703800,24031703800,1400000US24031703800,7038,Census Tract 7038,G5020,S,1215086.000000000000000,139.000000000000000,+39.0360600,-077.0547130,0,0.469197783959000,40481.468529741869133
1,23,796,24,  outbou,Veirs Mill BRT,Construction,24,031,701219,24031701219,1400000US24031701219,7012.19,Census Tract 7012.19,G5020,S,2250970.000000000000000,1538.000000000000000,+39.0593842,-077.1095765,0,0.869697691944000,40481.468529741869133
1,24,108,25,  inboun,US29 BRT,In Service,24,031,701506,24031701506,1400000US24031701506,7015.06,Census Tract 7015.06,G5020,S,6061219.000000000000000,5209.000000000000000,+39.0548604,-077.0050149,0,2.342249787300000,63269.307088211229711
1,24,109,25,  inboun,US29 BRT,In Service,24,031,701414,24031701414,1400000US24031701414,7014.14,Census Tract 7014.14,G5020,S,5750561.000000000000000,19555.000000000000000,+39.0726448,-076.9660918,0,2.227847219390000,63269.307088211229711
1,24,139,25,  inboun,US29 BRT,In Service,24,031,702200,24031702200,1400000US24031702200,7022,Census Tract 7022,G5020,S,1653437.000000000000000,0.000000000000000,+39.0093138,-077.0065074,0,0.638393024128000,63269.307088211229711
1,24,141,25,  inboun,US29 BRT,In Service,24,031,702302,24031702302,1400000US24031702302,7023.02,Census Tract 7023.02,G5020,S,1546299.000000000000000,3511.000000000000000,+39.0094941,-077.0189819,0,0.598382975146000,63269.307088211229711
1,24,160,25,  inboun,US29 BRT,In Service,24,031,702900,24031702900,1400000US24031702900,7029,Census Tract 7029,G5020,S,2565054.000000000000000,0.000000000000000,+39.0056401,-077.0277748,0,0.990371702527000,63269.307088211229711
1,24,161,25,  inboun,US29 BRT,In Service,24,031,703000,24031703000,1400000US24031703000,7030,Census Tract 7030,G5020,S,1087773.000000000000000,0.000000000000000,+39.0183846,-077.0213915,0,0.419991078178000,63269.307088211229711
1,24,164,25,  inboun,US29 BRT,In Service,24,031,703100,24031703100,1400000US24031703100,7031,Census Tract 7031,G5020,S,1811567.000000000000000,0.000000000000000,+39.0264084,-077.0220358,0,0.699446462060000,63269.307088211229711
1,24,168,25,  inboun,US29 BRT,In Service,24,031,703210,24031703210,1400000US24031703210,7032.10,Census Tract 7032.10,G5020,S,1539553.000000000000000,17284.000000000000000,+39.0325523,-077.0141838,0,0.601091687607000,63269.307088211229711
1,24,501,25,  inboun,US29 BRT,In Service,24,031,702501,24031702501,1400000US24031702501,7025.01,Census Tract 7025.01,G5020,S,333228.000000000000000,0.000000000000000,+38.9908535,-077.0286300,0,0.128659467514000,63269.307088211229711
1,24,516,25,  inboun,US29 BRT,In Service,24,031,702503,24031702503,1400000US24031702503,7025.03,Census Tract 7025.03,G5020,S,408458.000000000000000,0.000000000000000,+38.9971020,-077.0281693,0,0.157705967941000,63269.307088211229711
1,24,801,25,  inboun,US29 BRT,In Service,24,031,701508,24031701508,1400000US24031701508,7015.08,Census Tract 7015.08,G5020,S,915142.000000000000000,389.000000000000000,+39.0453954,-076.9770714,0,0.353486892387000,63269.307088211229711
1,24,802,25,  inboun,US29 BRT,In Service,24,031,701423,24031701423,1400000US24031701423,7014.23,Census Tract 7014.23,G5020,S,1044573.000000000000000,21240.000000000000000,+39.0864582,-076.9382912,0,0.411510645549000,63269.307088211229711
1,24,820,25,  inboun,US29 BRT,In Service,24,031,701422,24031701422,1400000US24031701422,7014.22,Census Tract 7014.22,G5020,S,323524.000000000000000,0.000000000000000,+39.0829685,-076.9437971,0,0.124912360252000,63269.307088211229711
1,24,837,25,  inboun,US29 BRT,In Service,24,031,701509,24031701509,1400000US24031701509,7015.09,Census Tract 7015.09,G5020,S,4085037.000000000000000,0.000000000000000,+39.0331015,-076.9767518,0,1.577236080800000,63269.307088211229711
1,24,1446,25,  inboun,US29 BRT,In Service,24,031,701409,24031701409,1400000US24031701409,7014.09,Census Tract 7014.09,G5020,S,6668709.000000000000000,8219.000000000000000,+39.1003467,-076.9522476,0,2.577966856200000,63269.307088211229711
1,24,1455,25,  inboun,US29 BRT,In Service,24,031,701417,24031701417,1400000US24031701417,7014.17,Census Tract 7014.17,G5020,S,2149857.000000000000000,501.000000000000000,+39.0769598,-076.9381795,0,0.830253064357000,63269.307088211229711
1,24,1456,25,  inboun,US29 BRT,In Service,24,031,701503,24031701503,1400000US24031701503,7015.03,Census Tract 7015.03,G5020,S,4487400.000000000000000,15457.000000000000000,+39.0601655,-076.9902806,0,1.738555019430000,63269.307088211229711
1,24,1457,25,  inboun,US29 BRT,In Service,24,031,701505,24031701505,1400000US24031701505,7015.05,Census Tract 7015.05,G5020,S,3340981.000000000000000,1699.000000000000000,+39.0300467,-076.9933235,0,1.290612301640000,63269.307088211229711
1,25,108,26,  outbou,US29 BRT,In Service,24,031,701506,24031701506,1400000US24031701506,7015.06,Census Tract 7015.06,G5020,S,6061219.000000000000000,5209.000000000000000,+39.0548604,-077.0050149,0,2.342249787300000,61619.462512927108037
1,25,109,26,  outbou,US29 BRT,In Service,24,031,701414,24031701414,1400000US24031701414,7014.14,Census Tract 7014.14,G5020,S,5750561.000000000000000,19555.000000000000000,+39.0726448,-076.9660918,0,2.227847219390000,61619.462512927108037
1,25,139,26,  outbou,US29 BRT,In Service,24,031,702200,24031702200,1400000US24031702200,7022,Census Tract 7022,G5020,S,1653437.000000000000000,0.000000000000000,+39.0093138,-077.0065074,0,0.638393024128000,61619.462512927108037
1,25,141,26,  outbou,US29 BRT,In Service,24,031,702302,24031702302,1400000US24031702302,7023.02,Census Tract 7023.02,G5020,S,1546299.000000000000000,3511.000000000000000,+39.0094941,-077.0189819,0,0.598382975146000,61619.462512927108037
1,25,160,26,  outbou,US29 BRT,In Service,24,031,702900,24031702900,1400000US24031702900,7029,Census Tract 7029,G5020,S,2565054.000000000000000,0.000000000000000,+39.0056401,-077.0277748,0,0.990371702527000,61619.462512927108037
1,25,161,26,  outbou,US29 BRT,In Service,24,031,703000,24031703000,1400000US24031703000,7030,Census Tract 7030,G5020,S,1087773.000000000000000,0.000000000000000,+39.0183846,-077.0213915,0,0.419991078178000,61619.462512927108037
1,25,164,26,  outbou,US29 BRT,In Service,24,031,703100,24031703100,1400000US24031703100,7031,Census Tract 7031,G5020,S,1811567.000000000000000,0.000000000000000,+39.0264084,-077.0220358,0,0.699446462060000,61619.462512927108037
1,25,168,26,  outbou,US29 BRT,In Service,24,031,703210,24031703210,1400000US24031703210,7032.10,Census Tract 7032.10,G5020,S,1539553.000000000000000,17284.000000000000000,+39.0325523,-077.0141838,0,0.601091687607000,61619.462512927108037
1,25,501,26,  outbou,US29 BRT,In Service,24,031,702501,24031702501,1400000US24031702501,7025.01,Census Tract 7025.01,G5020,S,333228.000000000000000,0.000000000000000,+38.9908535,-077.0286300,0,0.128659467514000,61619.462512927108037
1,25,516,26,  outbou,US29 BRT,In Service,24,031,702503,24031702503,1400000US24031702503,7025.03,Census Tract 7025.03,G5020,S,408458.000000000000000,0.000000000000000,+38.9971020,-077.0281693,0,0.157705967941000,61619.462512927108037
1,25,520,26,  outbou,US29 BRT,In Service,24,031,701424,24031701424,1400000US24031701424,7014.24,Census Tract 7014.24,G5020,S,2204125.000000000000000,2661.000000000000000,+39.0651575,-076.9538478,0,0.852041523690000,61619.462512927108037
1,25,527,26,  outbou,US29 BRT,In Service,24,031,702502,24031702502,1400000US24031702502,7025.02,Census Tract 7025.02,G5020,S,383501.000000000000000,0.000000000000000,+38.9879974,-077.0247984,0,0.148070824573000,61619.462512927108037
1,25,801,26,  outbou,US29 BRT,In Service,24,031,701508,24031701508,1400000US24031701508,7015.08,Census Tract 7015.08,G5020,S,915142.000000000000000,389.000000000000000,+39.0453954,-076.9770714,0,0.353486892387000,61619.462512927108037
1,25,802,26,  outbou,US29 BRT,In Service,24,031,701423,24031701423,1400000US24031701423,7014.23,Census Tract 7014.23,G5020,S,1044573.000000000000000,21240.000000000000000,+39.0864582,-076.9382912,0,0.411510645549000,61619.462512927108037
1,25,818,26,  outbou,US29 BRT,In Service,24,031,701418,24031701418,1400000US24031701418,7014.18,Census Tract 7014.18,G5020,S,1204590.000000000000000,0.000000000000000,+39.0709656,-076.9467203,0,0.465092502763000,61619.462512927108037
1,25,820,26,  outbou,US29 BRT,In Service,24,031,701422,24031701422,1400000US24031701422,7014.22,Census Tract 7014.22,G5020,S,323524.000000000000000,0.000000000000000,+39.0829685,-076.9437971,0,0.124912360252000,61619.462512927108037
1,25,837,26,  outbou,US29 BRT,In Service,24,031,701509,24031701509,1400000US24031701509,7015.09,Census Tract 7015.09,G5020,S,4085037.000000000000000,0.000000000000000,+39.0331015,-076.9767518,0,1.577236080800000,61619.462512927108037
1,25,1455,26,  outbou,US29 BRT,In Service,24,031,701417,24031701417,1400000US24031701417,7014.17,Census Tract 7014.17,G5020,S,2149857.000000000000000,501.000000000000000,+39.0769598,-076.9381795,0,0.830253064357000,61619.462512927108037
1,25,1456,26,  outbou,US29 BRT,In Service,24,031,701503,24031701503,1400000US24031701503,7015.03,Census Tract 7015.03,G5020,S,4487400.000000000000000,15457.000000000000000,+39.0601655,-076.9902806,0,1.738555019430000,61619.462512927108037
1,25,1457,26,  outbou,US29 BRT,In Service,24,031,701505,24031701505,1400000US24031701505,7015.05,Census Tract 7015.05,G5020,S,3340981.000000000000000,1699.000000000000000,+39.0300467,-076.9933235,0,1.290612301640000,61619.462512927108037
1,26,74,27,inbound,MD 355 Bethesda to Friendship Heights,BRT Network,24,031,705501,24031705501,1400000US24031705501,7055.01,Census Tract 7055.01,G5020,S,496065.000000000000000,0.000000000000000,+38.9607393,-077.0902928,0,0.191530678044000,9529.694776844258740
1,26,805,27,inbound,MD 355 Bethesda to Friendship Heights,BRT Network,24,031,704803,24031704803,1400000US24031704803,7048.03,Census Tract 7048.03,G5020,S,609664.000000000000000,0.000000000000000,+38.9779198,-077.0964429,0,0.235390962824000,9529.694776844258740
1,26,819,27,inbound,MD 355 Bethesda to Friendship Heights,BRT Network,24,031,704805,24031704805,1400000US24031704805,7048.05,Census Tract 7048.05,G5020,S,309190.000000000000000,0.000000000000000,+38.9865015,-077.0933803,0,0.119379142503000,9529.694776844258740
1,26,886,27,inbound,MD 355 Bethesda to Friendship Heights,BRT Network,24,031,705502,24031705502,1400000US24031705502,7055.02,Census Tract 7055.02,G5020,S,2648848.000000000000000,0.000000000000000,+38.9703808,-077.1018740,0,1.022721910130000,9529.694776844258740
1,26,887,27,inbound,MD 355 Bethesda to Friendship Heights,BRT Network,24,031,705602,24031705602,1400000US24031705602,7056.02,Census Tract 7056.02,G5020,S,227053.000000000000000,0.000000000000000,+38.9644227,-077.0907661,0,0.087665415017700,9529.694776844258740
1,26,941,27,inbound,MD 355 Bethesda to Friendship Heights,BRT Network,24,031,704804,24031704804,1400000US24031704804,7048.04,Census Tract 7048.04,G5020,S,344517.000000000000000,0.000000000000000,+38.9834063,-077.0935260,0,0.133016787027000,9529.694776844258740
1,27,74,28,outbound,MD 355 Bethesda to Friendship Heights,BRT Network,24,031,705501,24031705501,1400000US24031705501,7055.01,Census Tract 7055.01,G5020,S,496065.000000000000000,0.000000000000000,+38.9607393,-077.0902928,0,0.191530678044000,9518.437216461712524
1,27,805,28,outbound,MD 355 Bethesda to Friendship Heights,BRT Network,24,031,704803,24031704803,1400000US24031704803,7048.03,Census Tract 7048.03,G5020,S,609664.000000000000000,0.000000000000000,+38.9779198,-077.0964429,0,0.235390962824000,9518.437216461712524
1,27,819,28,outbound,MD 355 Bethesda to Friendship Heights,BRT Network,24,031,704805,24031704805,1400000US24031704805,7048.05,Census Tract 7048.05,G5020,S,309190.000000000000000,0.000000000000000,+38.9865015,-077.0933803,0,0.119379142503000,9518.437216461712524
1,27,941,28,outbound,MD 355 Bethesda to Friendship Heights,BRT Network,24,031,704804,24031704804,1400000US24031704804,7048.04,Census Tract 7048.04,G5020,S,344517.000000000000000,0.000000000000000,+38.9834063,-077.0935260,0,0.133016787027000,9518.437216461712524
1,27,1451,28,outbound,MD 355 Bethesda to Friendship Heights,BRT Network,24,031,705300,24031705300,1400000US24031705300,7053,Census Tract 7053,G5020,S,1077904.000000000000000,0.000000000000000,+38.9698497,-077.0793222,0,0.416178144795000,9518.437216461712524
1,27,1452,28,outbound,MD 355 Bethesda to Friendship Heights,BRT Network,24,031,705400,24031705400,1400000US24031705400,7054,Census Tract 7054,G5020,S,1965939.000000000000000,0.000000000000000,+38.9786948,-077.0836487,0,0.759049966206000,9518.437216461712524
